	GTAC	CGAG	GTAA	CGAA	AAAT	CGAC	GTAT	AGTG	AGTA	AGTC	AAAA	CGAT	AAAC	AAAG	GGTT	AGTT	GTAG	GCAC	CCGT	GAAT	TTAG	GGAC	TTAC	TTAA	GAAC	GAAA	GAAG	GAGA	TTAT	GCTG	GCTC	GCTA	ATAA	ATAC	CCAT	ATAG	GCTT	CCAA	CCAC	ATAT	CCAG	TAAG	TAAC	TAAA	TGTC	TGTA	TCTT	ACTT	TAAT	TCTG	ACTA	ACTC	TCTC	CGTT	TCTA	ACTG	AAGG	CTAG	CGGA	AAGC	ACGT	AAGA	CACT	TGTG	GTGC	GTGG	ACGA	ACGC	AAGT	ACGG	CGGT	GGCC	GGCA	GTGT	TTCT	AGGG	AGGA	AGGC	TCAA	GATT	GACT	AGGT	TTCG	TCAC	TTCA	TTCC	CTCA	GACA	GACC	GATG	GATA	GACG	CTGA	TAGT	GGAA	ATCT	GCCC	GCCA	CCGG	GCGG	CTGC	CCGC	CAGT	CCTT	ATCG	TAGG	ATCC	TAGC	CAGA	CCTC	CAGC	CCTA	GGCT	CCTG	CAGG	TGGG	CTCC	TGGC	TGGA	TCGC	TCGA	TCGG	TGGT	GCCT	GTGA	CCCG	TGTT	GATC	TCGT	TAGA	ACAG	CGGC	ACAC	CACC	ACAA	ATCA	ACAT	CGGG	CTAC	AGAC	AGAA	ATTT	AGAG	GGAG	CTAA	GGGT	ATTG	CTCT	ATTC	GGAT	ATTA	AGAT	GCGT	ACCG	TGAT	TTTA	TTTC	TTTG	CAAG	ACCA	GCAG	CAAC	CAAA	TGAG	TTTT	TGAA	TGAC	GCAT	CAAT	GCCG	CTGT	GGGG	TCAT	AATT	TATG	CTCG	TATA	CTAT	TATC	AATC	AATA	AATG	TCAG	TATT	CGTC	CTTG	CGTA	GTTA	GTTC	GTCG	GTCA	GTTG	GTCC	AACC	AACA	AACG	ACCC	GTCT	GGGC	GTTT	GGGA	CTTT	ACCT	AACT	GAGT	GGTA	GGTG	AGCA	GGCG	AGCC	TTGT	AGCG	GAGG	CCGA	GAGC	TTGA	TTGC	CTGG	AGCT	TTGG	GGTC	CCCA	ATGC	ATGA	ATGG	TGCT	CCCT	GCGC	GCAA	GCGA	TACT	CCCC	TGCC	CACG	TGCA	CACA	TGCG	ATGT	TACA	TACC	CTTA	TACG	CATA	CATC	CATG	TCCT	CGCT	CATT	CGCA	CTTC	CGCG	TCCG	CGCC	TCCC	CGTG	TCCA
Bethlehem(A1)	237.0	473.0	80.0	269.0	14.0	567.0	75.0	87.0	85.0	180.0	26.0	327.0	56.0	85.0	173.0	111.0	151.0	216.0	287.0	49.0	23.0	326.0	90.0	10.0	334.0	62.0	307.0	230.0	17.0	525.0	406.0	111.0	20.0	56.0	92.0	39.0	167.0	118.0	229.0	24.0	333.0	41.0	63.0	24.0	223.0	92.0	172.0	117.0	11.0	180.0	73.0	191.0	238.0	207.0	90.0	122.0	148.0	55.0	331.0	183.0	254.0	186.0	111.0	102.0	177.0	267.0	337.0	302.0	120.0	319.0	444.0	324.0	232.0	144.0	160.0	141.0	183.0	221.0	164.0	66.0	197.0	207.0	282.0	247.0	148.0	206.0	164.0	194.0	438.0	244.0	85.0	470.0	271.0	51.0	150.0	171.0	275.0	193.0	551.0	479.0	329.0	545.0	114.0	164.0	319.0	57.0	221.0	92.0	204.0	331.0	390.0	70.0	349.0	317.0	270.0	172.0	348.0	245.0	221.0	362.0	475.0	473.0	210.0	241.0	193.0	533.0	106.0	501.0	311.0	68.0	110.0	618.0	166.0	383.0	121.0	216.0	119.0	429.0	208.0	188.0	167.0	32.0	144.0	258.0	30.0	247.0	24.0	155.0	68.0	194.0	12.0	189.0	268.0	434.0	186.0	23.0	84.0	70.0	204.0	204.0	305.0	227.0	69.0	117.0	22.0	166.0	218.0	126.0	24.0	475.0	163.0	202.0	133.0	15.0	44.0	499.0	13.0	51.0	91.0	48.0	14.0	21.0	230.0	19.0	462.0	181.0	186.0	58.0	337.0	521.0	246.0	142.0	332.0	203.0	108.0	245.0	297.0	194.0	302.0	60.0	193.0	85.0	262.0	124.0	178.0	180.0	327.0	189.0	481.0	262.0	110.0	278.0	277.0	451.0	307.0	113.0	102.0	381.0	243.0	92.0	428.0	153.0	105.0	110.0	108.0	196.0	157.0	374.0	121.0	373.0	71.0	276.0	200.0	277.0	108.0	87.0	210.0	106.0	127.0	173.0	47.0	220.0	27.0	287.0	120.0	222.0	421.0	36.0	239.0	307.0	525.0	392.0	398.0	271.0	265.0	222.0
Bxb1(A1)	232.0	460.0	85.0	269.0	21.0	538.0	69.0	94.0	81.0	156.0	22.0	332.0	51.0	89.0	170.0	94.0	132.0	218.0	271.0	53.0	31.0	345.0	82.0	10.0	305.0	66.0	284.0	204.0	18.0	487.0	366.0	107.0	19.0	48.0	105.0	27.0	136.0	126.0	249.0	17.0	324.0	43.0	61.0	26.0	198.0	77.0	150.0	117.0	13.0	189.0	79.0	164.0	236.0	210.0	85.0	115.0	158.0	55.0	341.0	183.0	261.0	168.0	104.0	84.0	194.0	267.0	302.0	293.0	110.0	308.0	446.0	342.0	221.0	139.0	154.0	138.0	168.0	235.0	164.0	60.0	192.0	200.0	266.0	213.0	139.0	177.0	146.0	194.0	427.0	238.0	67.0	464.0	259.0	47.0	127.0	175.0	300.0	216.0	557.0	514.0	300.0	540.0	102.0	132.0	334.0	55.0	228.0	80.0	190.0	327.0	382.0	71.0	322.0	280.0	240.0	174.0	312.0	236.0	209.0	351.0	470.0	425.0	197.0	225.0	174.0	569.0	104.0	491.0	295.0	63.0	100.0	614.0	157.0	377.0	125.0	200.0	130.0	403.0	211.0	175.0	151.0	33.0	129.0	257.0	30.0	233.0	14.0	147.0	68.0	176.0	18.0	170.0	268.0	427.0	178.0	23.0	73.0	64.0	203.0	212.0	283.0	231.0	69.0	112.0	24.0	161.0	219.0	121.0	26.0	488.0	144.0	194.0	129.0	22.0	39.0	488.0	5.0	46.0	84.0	56.0	12.0	23.0	207.0	22.0	445.0	153.0	179.0	61.0	321.0	453.0	228.0	138.0	324.0	197.0	106.0	227.0	305.0	184.0	295.0	58.0	187.0	69.0	240.0	118.0	166.0	181.0	335.0	178.0	495.0	264.0	96.0	266.0	288.0	472.0	300.0	113.0	86.0	368.0	237.0	74.0	390.0	151.0	108.0	124.0	107.0	171.0	157.0	369.0	114.0	355.0	61.0	292.0	198.0	264.0	99.0	92.0	221.0	84.0	120.0	183.0	39.0	209.0	27.0	306.0	123.0	188.0	366.0	29.0	238.0	274.0	524.0	356.0	425.0	272.0	261.0	225.0
DD5(A1)	258.0	451.0	84.0	287.0	16.0	543.0	77.0	87.0	85.0	164.0	23.0	319.0	49.0	90.0	173.0	98.0	147.0	222.0	282.0	52.0	26.0	315.0	87.0	9.0	336.0	64.0	302.0	214.0	19.0	507.0	400.0	108.0	17.0	55.0	102.0	32.0	144.0	126.0	240.0	26.0	320.0	41.0	71.0	19.0	225.0	81.0	158.0	117.0	9.0	183.0	76.0	175.0	230.0	210.0	81.0	130.0	150.0	64.0	324.0	183.0	252.0	183.0	107.0	97.0	184.0	268.0	343.0	300.0	121.0	307.0	468.0	313.0	211.0	143.0	140.0	138.0	200.0	215.0	173.0	60.0	191.0	211.0	266.0	237.0	153.0	193.0	152.0	188.0	439.0	247.0	75.0	461.0	281.0	53.0	146.0	161.0	275.0	211.0	563.0	499.0	329.0	559.0	107.0	144.0	329.0	59.0	218.0	90.0	191.0	332.0	363.0	66.0	336.0	321.0	265.0	179.0	349.0	242.0	206.0	354.0	465.0	441.0	196.0	218.0	186.0	557.0	103.0	485.0	303.0	67.0	92.0	578.0	181.0	402.0	122.0	214.0	118.0	440.0	193.0	187.0	161.0	36.0	130.0	266.0	31.0	255.0	23.0	158.0	62.0	183.0	19.0	177.0	275.0	429.0	188.0	24.0	78.0	71.0	204.0	207.0	294.0	235.0	72.0	111.0	28.0	160.0	234.0	118.0	27.0	473.0	159.0	194.0	132.0	18.0	44.0	478.0	8.0	43.0	92.0	58.0	16.0	12.0	220.0	21.0	457.0	158.0	185.0	61.0	326.0	490.0	243.0	142.0	325.0	221.0	113.0	237.0	322.0	193.0	322.0	55.0	180.0	82.0	272.0	120.0	153.0	215.0	337.0	188.0	497.0	266.0	105.0	253.0	290.0	437.0	301.0	109.0	98.0	372.0	230.0	82.0	405.0	147.0	97.0	117.0	101.0	183.0	167.0	381.0	117.0	355.0	80.0	271.0	204.0	285.0	111.0	86.0	211.0	99.0	126.0	168.0	37.0	219.0	31.0	287.0	111.0	206.0	410.0	41.0	241.0	286.0	549.0	382.0	394.0	274.0	260.0	223.0
Jasper(A1)	236.0	464.0	87.0	268.0	17.0	551.0	68.0	82.0	78.0	166.0	30.0	319.0	50.0	77.0	164.0	98.0	137.0	218.0	272.0	51.0	25.0	321.0	89.0	9.0	325.0	51.0	303.0	224.0	17.0	510.0	416.0	102.0	13.0	52.0	112.0	37.0	161.0	121.0	247.0	18.0	307.0	41.0	71.0	20.0	206.0	91.0	131.0	113.0	9.0	177.0	75.0	165.0	218.0	203.0	76.0	112.0	152.0	53.0	322.0	191.0	264.0	166.0	105.0	108.0	180.0	286.0	331.0	295.0	118.0	295.0	445.0	329.0	224.0	152.0	136.0	135.0	202.0	228.0	191.0	66.0	171.0	194.0	257.0	243.0	155.0	188.0	158.0	186.0	426.0	247.0	72.0	469.0	255.0	51.0	156.0	148.0	281.0	203.0	566.0	507.0	322.0	556.0	107.0	126.0	339.0	61.0	200.0	87.0	185.0	343.0	375.0	54.0	346.0	310.0	267.0	167.0	350.0	256.0	197.0	357.0	466.0	454.0	212.0	216.0	184.0	526.0	101.0	472.0	294.0	53.0	107.0	615.0	171.0	412.0	120.0	209.0	116.0	440.0	177.0	173.0	154.0	31.0	135.0	243.0	33.0	245.0	22.0	139.0	68.0	181.0	21.0	166.0	268.0	437.0	191.0	17.0	74.0	55.0	206.0	208.0	312.0	238.0	73.0	112.0	16.0	152.0	207.0	124.0	24.0	488.0	170.0	196.0	121.0	20.0	40.0	495.0	8.0	44.0	83.0	52.0	15.0	14.0	208.0	16.0	449.0	155.0	169.0	60.0	325.0	480.0	241.0	131.0	328.0	200.0	115.0	246.0	290.0	179.0	317.0	50.0	180.0	65.0	270.0	123.0	148.0	190.0	335.0	189.0	517.0	260.0	91.0	252.0	279.0	445.0	303.0	104.0	92.0	362.0	255.0	76.0	407.0	158.0	100.0	119.0	108.0	184.0	149.0	358.0	109.0	360.0	66.0	276.0	204.0	270.0	105.0	92.0	202.0	93.0	121.0	167.0	42.0	200.0	25.0	289.0	119.0	198.0	404.0	40.0	245.0	269.0	522.0	388.0	395.0	262.0	277.0	218.0
KBG(A1)	261.0	474.0	86.0	274.0	19.0	568.0	73.0	88.0	85.0	179.0	18.0	350.0	48.0	82.0	177.0	89.0	141.0	230.0	291.0	46.0	32.0	342.0	87.0	17.0	335.0	61.0	302.0	233.0	20.0	511.0	400.0	114.0	16.0	58.0	101.0	40.0	159.0	132.0	265.0	25.0	355.0	47.0	70.0	19.0	208.0	81.0	160.0	132.0	12.0	194.0	71.0	195.0	251.0	213.0	84.0	127.0	163.0	44.0	353.0	190.0	261.0	185.0	122.0	105.0	188.0	277.0	359.0	304.0	117.0	332.0	462.0	350.0	240.0	144.0	146.0	159.0	198.0	239.0	170.0	62.0	210.0	212.0	270.0	244.0	160.0	184.0	172.0	195.0	440.0	251.0	77.0	496.0	278.0	49.0	142.0	189.0	308.0	214.0	581.0	491.0	340.0	554.0	108.0	154.0	338.0	70.0	264.0	80.0	202.0	384.0	429.0	59.0	335.0	317.0	276.0	161.0	365.0	237.0	227.0	380.0	471.0	491.0	215.0	245.0	204.0	560.0	90.0	529.0	309.0	58.0	115.0	609.0	165.0	405.0	126.0	214.0	124.0	471.0	206.0	192.0	166.0	29.0	133.0	297.0	30.0	259.0	24.0	160.0	55.0	196.0	15.0	187.0	279.0	428.0	186.0	20.0	78.0	74.0	224.0	225.0	318.0	234.0	69.0	115.0	35.0	162.0	239.0	134.0	29.0	519.0	151.0	216.0	139.0	14.0	42.0	533.0	10.0	48.0	94.0	53.0	17.0	22.0	227.0	20.0	476.0	156.0	186.0	70.0	319.0	510.0	234.0	127.0	332.0	214.0	119.0	240.0	309.0	194.0	333.0	53.0	199.0	90.0	271.0	114.0	167.0	209.0	355.0	208.0	493.0	278.0	101.0	286.0	299.0	471.0	320.0	103.0	96.0	380.0	247.0	81.0	407.0	170.0	115.0	117.0	102.0	187.0	177.0	387.0	128.0	365.0	79.0	287.0	220.0	284.0	114.0	93.0	219.0	88.0	123.0	174.0	51.0	236.0	35.0	329.0	107.0	221.0	415.0	27.0	248.0	308.0	524.0	390.0	438.0	290.0	265.0	244.0
Lockley(A1)	262.0	452.0	81.0	285.0	15.0	550.0	77.0	83.0	84.0	162.0	21.0	326.0	50.0	85.0	167.0	101.0	143.0	219.0	279.0	51.0	24.0	310.0	85.0	10.0	325.0	61.0	302.0	208.0	17.0	515.0	404.0	108.0	18.0	56.0	105.0	36.0	144.0	121.0	233.0	24.0	320.0	42.0	73.0	18.0	229.0	83.0	159.0	115.0	10.0	183.0	77.0	168.0	229.0	209.0	83.0	123.0	148.0	61.0	313.0	182.0	253.0	179.0	101.0	96.0	185.0	264.0	340.0	305.0	118.0	293.0	458.0	320.0	202.0	143.0	139.0	145.0	196.0	217.0	174.0	63.0	180.0	206.0	271.0	233.0	148.0	190.0	155.0	188.0	435.0	245.0	75.0	466.0	276.0	51.0	139.0	170.0	276.0	215.0	557.0	491.0	331.0	559.0	107.0	137.0	329.0	63.0	220.0	85.0	188.0	350.0	363.0	62.0	340.0	320.0	265.0	181.0	353.0	239.0	198.0	357.0	473.0	441.0	195.0	227.0	190.0	558.0	105.0	490.0	309.0	65.0	94.0	569.0	180.0	402.0	120.0	212.0	120.0	442.0	191.0	177.0	158.0	37.0	129.0	259.0	35.0	259.0	25.0	151.0	64.0	183.0	19.0	176.0	269.0	428.0	188.0	23.0	80.0	70.0	198.0	202.0	295.0	229.0	71.0	116.0	26.0	157.0	232.0	120.0	30.0	472.0	164.0	209.0	135.0	18.0	40.0	492.0	8.0	43.0	92.0	61.0	15.0	12.0	214.0	21.0	455.0	155.0	187.0	57.0	320.0	488.0	241.0	148.0	321.0	208.0	114.0	238.0	317.0	194.0	325.0	57.0	184.0	79.0	270.0	117.0	154.0	209.0	344.0	193.0	488.0	265.0	108.0	243.0	288.0	448.0	306.0	111.0	98.0	370.0	235.0	81.0	398.0	145.0	98.0	116.0	98.0	185.0	169.0	372.0	113.0	352.0	85.0	280.0	208.0	275.0	110.0	87.0	210.0	98.0	125.0	172.0	37.0	212.0	36.0	288.0	113.0	203.0	411.0	43.0	242.0	284.0	543.0	385.0	397.0	279.0	259.0	217.0
Solon(A1)	234.0	464.0	88.0	263.0	12.0	556.0	61.0	79.0	82.0	167.0	21.0	315.0	42.0	81.0	161.0	95.0	139.0	215.0	253.0	41.0	30.0	318.0	72.0	12.0	309.0	52.0	283.0	207.0	15.0	499.0	395.0	115.0	9.0	44.0	94.0	27.0	135.0	119.0	251.0	17.0	301.0	41.0	63.0	22.0	201.0	73.0	138.0	116.0	9.0	178.0	73.0	165.0	231.0	190.0	72.0	118.0	148.0	48.0	322.0	183.0	249.0	170.0	102.0	88.0	157.0	250.0	330.0	292.0	111.0	304.0	425.0	309.0	207.0	128.0	142.0	130.0	177.0	213.0	164.0	54.0	193.0	184.0	254.0	229.0	137.0	170.0	161.0	182.0	429.0	223.0	64.0	479.0	270.0	50.0	130.0	153.0	293.0	203.0	554.0	467.0	317.0	533.0	103.0	135.0	326.0	55.0	232.0	79.0	183.0	328.0	372.0	62.0	328.0	306.0	232.0	158.0	314.0	230.0	196.0	366.0	466.0	427.0	193.0	214.0	185.0	565.0	85.0	481.0	282.0	60.0	96.0	595.0	172.0	392.0	128.0	199.0	113.0	410.0	195.0	181.0	142.0	27.0	123.0	249.0	27.0	233.0	17.0	145.0	56.0	170.0	14.0	174.0	268.0	413.0	163.0	19.0	64.0	58.0	207.0	205.0	290.0	230.0	61.0	112.0	24.0	150.0	228.0	121.0	24.0	452.0	148.0	178.0	120.0	16.0	38.0	499.0	5.0	52.0	83.0	44.0	10.0	16.0	203.0	19.0	438.0	148.0	177.0	56.0	310.0	462.0	219.0	114.0	324.0	194.0	113.0	230.0	306.0	179.0	293.0	51.0	172.0	63.0	259.0	107.0	159.0	190.0	306.0	188.0	487.0	261.0	88.0	259.0	269.0	449.0	313.0	97.0	82.0	366.0	239.0	70.0	378.0	142.0	105.0	101.0	91.0	167.0	158.0	373.0	111.0	353.0	70.0	277.0	193.0	271.0	104.0	102.0	198.0	83.0	112.0	168.0	40.0	195.0	18.0	302.0	103.0	200.0	410.0	25.0	238.0	273.0	517.0	359.0	399.0	266.0	247.0	215.0
U2(A1)	253.0	454.0	82.0	264.0	15.0	559.0	71.0	80.0	80.0	172.0	20.0	316.0	46.0	78.0	169.0	97.0	136.0	211.0	282.0	50.0	23.0	311.0	86.0	16.0	325.0	50.0	288.0	220.0	19.0	504.0	404.0	110.0	10.0	55.0	109.0	35.0	149.0	120.0	243.0	20.0	327.0	37.0	63.0	22.0	203.0	86.0	171.0	113.0	13.0	180.0	70.0	171.0	242.0	208.0	85.0	107.0	140.0	58.0	328.0	180.0	263.0	166.0	107.0	89.0	181.0	257.0	330.0	310.0	114.0	304.0	481.0	334.0	214.0	125.0	149.0	123.0	180.0	234.0	169.0	56.0	181.0	188.0	264.0	234.0	150.0	190.0	162.0	185.0	431.0	238.0	67.0	470.0	262.0	45.0	140.0	190.0	295.0	209.0	581.0	502.0	322.0	567.0	112.0	139.0	330.0	56.0	221.0	90.0	207.0	339.0	381.0	54.0	323.0	310.0	240.0	154.0	348.0	229.0	220.0	367.0	454.0	459.0	196.0	239.0	188.0	552.0	95.0	513.0	319.0	61.0	103.0	607.0	177.0	377.0	122.0	203.0	119.0	430.0	187.0	177.0	156.0	28.0	134.0	270.0	27.0	230.0	21.0	146.0	66.0	187.0	16.0	187.0	273.0	432.0	184.0	21.0	79.0	61.0	197.0	206.0	289.0	228.0	67.0	107.0	17.0	153.0	220.0	118.0	26.0	499.0	148.0	168.0	131.0	20.0	39.0	500.0	10.0	47.0	87.0	56.0	9.0	19.0	221.0	21.0	484.0	162.0	183.0	62.0	322.0	505.0	240.0	131.0	334.0	199.0	123.0	233.0	307.0	193.0	297.0	54.0	180.0	79.0	241.0	107.0	158.0	193.0	320.0	181.0	496.0	262.0	100.0	260.0	289.0	450.0	298.0	105.0	97.0	369.0	246.0	73.0	413.0	161.0	107.0	109.0	100.0	179.0	152.0	383.0	107.0	359.0	66.0	276.0	222.0	295.0	99.0	86.0	208.0	100.0	127.0	179.0	45.0	209.0	34.0	288.0	121.0	210.0	419.0	34.0	231.0	286.0	553.0	397.0	424.0	263.0	262.0	223.0
Bxz2(A2)	181.0	430.0	27.0	280.0	13.0	510.0	32.0	108.0	68.0	146.0	7.0	319.0	37.0	35.0	145.0	113.0	189.0	213.0	283.0	54.0	11.0	285.0	11.0	6.0	296.0	44.0	311.0	218.0	4.0	391.0	390.0	68.0	8.0	38.0	151.0	21.0	180.0	164.0	250.0	10.0	406.0	19.0	22.0	6.0	227.0	70.0	149.0	121.0	4.0	190.0	65.0	177.0	268.0	224.0	45.0	148.0	205.0	21.0	252.0	156.0	211.0	145.0	115.0	120.0	246.0	306.0	279.0	314.0	104.0	279.0	406.0	470.0	282.0	133.0	152.0	214.0	230.0	262.0	164.0	45.0	176.0	216.0	298.0	207.0	154.0	187.0	188.0	185.0	391.0	326.0	34.0	460.0	206.0	52.0	148.0	164.0	350.0	315.0	475.0	401.0	327.0	438.0	136.0	203.0	274.0	60.0	202.0	68.0	206.0	352.0	411.0	54.0	296.0	344.0	349.0	207.0	375.0	327.0	213.0	353.0	445.0	454.0	237.0	292.0	201.0	433.0	105.0	416.0	273.0	62.0	123.0	577.0	123.0	327.0	102.0	185.0	109.0	375.0	177.0	196.0	123.0	10.0	144.0	253.0	11.0	255.0	35.0	162.0	63.0	178.0	3.0	168.0	294.0	357.0	156.0	5.0	53.0	40.0	245.0	182.0	360.0	263.0	35.0	151.0	16.0	154.0	221.0	132.0	30.0	495.0	155.0	212.0	171.0	16.0	26.0	461.0	5.0	23.0	30.0	47.0	12.0	26.0	213.0	8.0	419.0	232.0	150.0	12.0	319.0	492.0	228.0	221.0	336.0	150.0	109.0	219.0	238.0	174.0	372.0	35.0	169.0	53.0	202.0	140.0	143.0	141.0	390.0	197.0	490.0	279.0	116.0	281.0	308.0	412.0	309.0	138.0	116.0	385.0	187.0	158.0	438.0	242.0	151.0	137.0	135.0	198.0	195.0	350.0	143.0	403.0	80.0	284.0	269.0	258.0	116.0	93.0	257.0	118.0	70.0	111.0	12.0	146.0	26.0	332.0	163.0	264.0	348.0	42.0	253.0	356.0	420.0	323.0	434.0	281.0	268.0	232.0
Che12(A2)	217.0	469.0	34.0	259.0	15.0	554.0	40.0	108.0	75.0	178.0	19.0	309.0	54.0	48.0	157.0	118.0	190.0	244.0	247.0	73.0	18.0	261.0	22.0	10.0	309.0	51.0	286.0	230.0	6.0	383.0	406.0	58.0	4.0	29.0	151.0	23.0	224.0	181.0	275.0	16.0	343.0	22.0	20.0	11.0	248.0	93.0	190.0	120.0	11.0	230.0	51.0	200.0	274.0	225.0	55.0	126.0	194.0	30.0	282.0	164.0	215.0	168.0	100.0	121.0	228.0	281.0	276.0	277.0	106.0	252.0	360.0	448.0	285.0	143.0	168.0	146.0	219.0	249.0	221.0	79.0	173.0	242.0	321.0	210.0	159.0	184.0	196.0	211.0	407.0	370.0	26.0	403.0	206.0	71.0	152.0	192.0	289.0	273.0	495.0	388.0	327.0	420.0	143.0	238.0	300.0	51.0	236.0	75.0	195.0	372.0	402.0	52.0	272.0	336.0	300.0	197.0	356.0	312.0	238.0	379.0	484.0	439.0	255.0	304.0	201.0	374.0	111.0	444.0	324.0	64.0	134.0	593.0	144.0	368.0	106.0	198.0	130.0	339.0	150.0	172.0	160.0	19.0	144.0	277.0	16.0	189.0	39.0	182.0	86.0	220.0	9.0	181.0	291.0	405.0	209.0	11.0	66.0	45.0	276.0	216.0	331.0	261.0	55.0	159.0	20.0	148.0	207.0	149.0	54.0	543.0	144.0	172.0	153.0	30.0	27.0	518.0	6.0	20.0	33.0	75.0	16.0	32.0	232.0	16.0	418.0	328.0	178.0	20.0	320.0	487.0	263.0	236.0	273.0	188.0	101.0	215.0	225.0	207.0	322.0	35.0	171.0	68.0	252.0	140.0	159.0	135.0	368.0	182.0	471.0	278.0	134.0	277.0	311.0	446.0	349.0	175.0	162.0	398.0	253.0	177.0	386.0	224.0	146.0	141.0	146.0	190.0	191.0	309.0	138.0	385.0	84.0	241.0	267.0	275.0	153.0	130.0	254.0	152.0	72.0	135.0	16.0	127.0	24.0	375.0	156.0	251.0	356.0	28.0	242.0	360.0	371.0	286.0	416.0	275.0	256.0	237.0
D29(A2)	224.0	396.0	35.0	285.0	15.0	540.0	37.0	98.0	73.0	137.0	18.0	309.0	46.0	46.0	163.0	120.0	152.0	231.0	276.0	69.0	10.0	240.0	21.0	9.0	302.0	60.0	307.0	181.0	13.0	422.0	375.0	45.0	10.0	41.0	130.0	21.0	182.0	152.0	272.0	0.0	415.0	20.0	19.0	9.0	202.0	88.0	146.0	110.0	17.0	192.0	49.0	172.0	237.0	211.0	52.0	138.0	186.0	21.0	242.0	168.0	207.0	164.0	109.0	118.0	202.0	326.0	261.0	305.0	100.0	259.0	394.0	454.0	262.0	142.0	150.0	155.0	205.0	250.0	172.0	51.0	181.0	228.0	280.0	219.0	157.0	185.0	173.0	202.0	376.0	288.0	28.0	407.0	213.0	53.0	140.0	164.0	275.0	317.0	458.0	374.0	299.0	405.0	137.0	205.0	311.0	42.0	227.0	61.0	204.0	341.0	421.0	45.0	282.0	270.0	331.0	188.0	355.0	327.0	223.0	351.0	457.0	441.0	241.0	246.0	189.0	387.0	90.0	460.0	264.0	48.0	134.0	555.0	135.0	352.0	87.0	187.0	135.0	341.0	143.0	171.0	168.0	23.0	104.0	266.0	11.0	206.0	28.0	143.0	61.0	196.0	4.0	154.0	280.0	374.0	168.0	10.0	62.0	37.0	245.0	213.0	317.0	217.0	38.0	142.0	20.0	145.0	215.0	140.0	26.0	496.0	142.0	179.0	140.0	19.0	21.0	454.0	2.0	16.0	30.0	61.0	16.0	31.0	227.0	13.0	395.0	244.0	142.0	16.0	318.0	468.0	241.0	208.0	253.0	186.0	96.0	204.0	244.0	170.0	306.0	42.0	172.0	44.0	213.0	98.0	138.0	145.0	364.0	175.0	440.0	277.0	98.0	270.0	279.0	429.0	310.0	134.0	127.0	368.0	238.0	158.0	398.0	225.0	111.0	134.0	127.0	179.0	158.0	284.0	115.0	383.0	81.0	255.0	208.0	269.0	131.0	127.0	221.0	116.0	66.0	130.0	24.0	152.0	26.0	338.0	148.0	244.0	325.0	33.0	235.0	331.0	390.0	311.0	395.0	251.0	279.0	214.0
L5(A2)	202.0	422.0	47.0	292.0	18.0	511.0	57.0	119.0	82.0	179.0	20.0	328.0	49.0	51.0	173.0	130.0	203.0	222.0	270.0	73.0	19.0	222.0	36.0	9.0	325.0	59.0	319.0	235.0	7.0	416.0	369.0	62.0	11.0	45.0	160.0	45.0	206.0	172.0	272.0	18.0	377.0	18.0	28.0	21.0	239.0	115.0	199.0	128.0	18.0	204.0	57.0	204.0	303.0	237.0	63.0	132.0	202.0	41.0	261.0	168.0	215.0	169.0	121.0	121.0	212.0	312.0	265.0	270.0	112.0	240.0	376.0	421.0	295.0	157.0	180.0	159.0	200.0	271.0	198.0	66.0	165.0	260.0	304.0	228.0	168.0	194.0	214.0	212.0	388.0	348.0	46.0	390.0	196.0	75.0	163.0	187.0	298.0	301.0	448.0	378.0	291.0	397.0	164.0	218.0	299.0	75.0	247.0	82.0	242.0	386.0	427.0	63.0	286.0	287.0	313.0	201.0	335.0	348.0	233.0	361.0	497.0	441.0	260.0	267.0	201.0	370.0	119.0	438.0	324.0	76.0	162.0	575.0	151.0	364.0	87.0	204.0	137.0	295.0	160.0	202.0	179.0	23.0	160.0	273.0	18.0	196.0	49.0	185.0	63.0	208.0	12.0	181.0	286.0	416.0	181.0	12.0	81.0	62.0	263.0	234.0	362.0	258.0	38.0	160.0	24.0	142.0	220.0	151.0	43.0	486.0	153.0	175.0	174.0	20.0	37.0	528.0	5.0	26.0	42.0	71.0	18.0	43.0	245.0	24.0	413.0	299.0	179.0	20.0	357.0	492.0	259.0	229.0	274.0	196.0	116.0	208.0	211.0	217.0	287.0	53.0	172.0	79.0	222.0	140.0	159.0	133.0	376.0	185.0	479.0	290.0	139.0	271.0	300.0	435.0	321.0	161.0	155.0	399.0	252.0	184.0	411.0	209.0	140.0	145.0	147.0	173.0	188.0	315.0	145.0	356.0	95.0	243.0	238.0	255.0	153.0	133.0	234.0	145.0	76.0	135.0	28.0	137.0	50.0	386.0	149.0	277.0	342.0	37.0	247.0	345.0	351.0	278.0	403.0	258.0	266.0	237.0
Pukovnik(A2)	182.0	469.0	42.0	285.0	12.0	564.0	51.0	117.0	64.0	168.0	16.0	353.0	39.0	59.0	142.0	108.0	169.0	248.0	275.0	52.0	13.0	256.0	26.0	9.0	315.0	51.0	354.0	211.0	7.0	361.0	396.0	75.0	6.0	35.0	172.0	33.0	209.0	163.0	274.0	14.0	360.0	22.0	33.0	14.0	236.0	88.0	208.0	123.0	7.0	214.0	58.0	196.0	279.0	238.0	52.0	121.0	248.0	36.0	262.0	188.0	221.0	172.0	107.0	108.0	235.0	306.0	275.0	325.0	120.0	258.0	401.0	459.0	311.0	141.0	172.0	197.0	231.0	284.0	207.0	74.0	187.0	230.0	332.0	227.0	164.0	201.0	220.0	213.0	371.0	337.0	26.0	427.0	230.0	52.0	162.0	193.0	369.0	324.0	446.0	451.0	306.0	437.0	149.0	213.0	353.0	65.0	214.0	80.0	234.0	416.0	392.0	65.0	278.0	289.0	324.0	193.0	334.0	313.0	190.0	417.0	548.0	446.0	212.0	289.0	190.0	406.0	105.0	479.0	299.0	54.0	147.0	617.0	155.0	348.0	98.0	215.0	136.0	321.0	170.0	163.0	180.0	21.0	152.0	218.0	19.0	189.0	35.0	188.0	83.0	218.0	11.0	176.0	327.0	381.0	169.0	3.0	73.0	58.0	293.0	217.0	352.0	237.0	45.0	172.0	16.0	145.0	215.0	165.0	27.0	493.0	141.0	180.0	194.0	7.0	24.0	545.0	9.0	25.0	43.0	47.0	12.0	32.0	240.0	21.0	435.0	279.0	156.0	21.0	316.0	480.0	269.0	199.0	290.0	180.0	116.0	197.0	205.0	200.0	351.0	57.0	171.0	56.0	223.0	131.0	136.0	136.0	354.0	180.0	517.0	288.0	106.0	299.0	305.0	430.0	359.0	153.0	165.0	308.0	252.0	147.0	400.0	219.0	141.0	128.0	147.0	181.0	216.0	349.0	134.0	418.0	73.0	264.0	260.0	317.0	136.0	132.0	271.0	149.0	75.0	127.0	21.0	138.0	41.0	406.0	172.0	255.0	330.0	48.0	272.0	397.0	458.0	308.0	468.0	267.0	293.0	209.0
Chah(B1)	167.0	876.0	45.0	169.0	52.0	834.0	84.0	104.0	59.0	139.0	48.0	476.0	76.0	57.0	170.0	107.0	165.0	523.0	389.0	53.0	11.0	262.0	47.0	4.0	234.0	110.0	79.0	210.0	10.0	478.0	584.0	97.0	12.0	74.0	226.0	33.0	146.0	236.0	390.0	45.0	183.0	30.0	24.0	12.0	290.0	73.0	95.0	69.0	12.0	173.0	65.0	144.0	252.0	237.0	74.0	143.0	165.0	14.0	211.0	139.0	244.0	133.0	104.0	232.0	535.0	539.0	416.0	408.0	78.0	405.0	788.0	685.0	594.0	270.0	107.0	211.0	168.0	329.0	275.0	89.0	160.0	254.0	235.0	305.0	114.0	151.0	344.0	312.0	566.0	370.0	74.0	549.0	222.0	47.0	114.0	187.0	524.0	448.0	690.0	1119.0	429.0	640.0	142.0	138.0	513.0	57.0	223.0	76.0	183.0	465.0	497.0	82.0	272.0	208.0	236.0	237.0	58.0	443.0	126.0	608.0	703.0	821.0	321.0	319.0	279.0	669.0	133.0	528.0	353.0	43.0	189.0	1368.0	270.0	709.0	160.0	238.0	187.0	668.0	218.0	174.0	122.0	67.0	95.0	85.0	17.0	312.0	88.0	85.0	76.0	193.0	12.0	178.0	460.0	737.0	214.0	12.0	163.0	53.0	349.0	274.0	492.0	371.0	63.0	283.0	38.0	71.0	317.0	217.0	126.0	808.0	177.0	249.0	227.0	37.0	67.0	958.0	13.0	69.0	98.0	88.0	25.0	93.0	194.0	30.0	517.0	264.0	180.0	23.0	270.0	779.0	305.0	254.0	228.0	165.0	180.0	266.0	317.0	215.0	655.0	100.0	149.0	61.0	257.0	93.0	142.0	149.0	775.0	260.0	1244.0	264.0	126.0	408.0	504.0	697.0	483.0	185.0	178.0	174.0	263.0	170.0	581.0	196.0	204.0	199.0	244.0	313.0	157.0	844.0	238.0	539.0	64.0	244.0	468.0	464.0	169.0	211.0	396.0	155.0	103.0	145.0	25.0	194.0	52.0	447.0	271.0	160.0	457.0	87.0	447.0	98.0	914.0	202.0	682.0	181.0	512.0	117.0
Orion(B1)	168.0	877.0	45.0	164.0	52.0	837.0	83.0	105.0	59.0	140.0	48.0	480.0	76.0	56.0	171.0	104.0	165.0	524.0	389.0	53.0	11.0	261.0	46.0	5.0	231.0	108.0	78.0	208.0	10.0	478.0	584.0	98.0	12.0	74.0	226.0	32.0	143.0	234.0	390.0	46.0	187.0	30.0	25.0	12.0	288.0	73.0	95.0	69.0	12.0	174.0	64.0	142.0	254.0	235.0	74.0	141.0	164.0	13.0	208.0	137.0	243.0	131.0	103.0	233.0	535.0	542.0	416.0	403.0	77.0	407.0	790.0	688.0	593.0	270.0	107.0	212.0	168.0	327.0	273.0	90.0	156.0	254.0	233.0	302.0	114.0	152.0	341.0	317.0	567.0	366.0	75.0	548.0	219.0	47.0	113.0	187.0	522.0	446.0	688.0	1114.0	431.0	642.0	144.0	138.0	518.0	56.0	221.0	75.0	184.0	469.0	493.0	81.0	275.0	208.0	238.0	237.0	60.0	445.0	125.0	613.0	703.0	828.0	321.0	320.0	279.0	666.0	133.0	534.0	352.0	43.0	188.0	1371.0	269.0	708.0	157.0	244.0	189.0	668.0	217.0	171.0	122.0	67.0	93.0	84.0	17.0	315.0	89.0	86.0	77.0	190.0	12.0	180.0	464.0	736.0	215.0	12.0	163.0	54.0	345.0	274.0	486.0	368.0	64.0	279.0	38.0	71.0	319.0	216.0	125.0	810.0	176.0	250.0	231.0	38.0	68.0	962.0	13.0	70.0	98.0	86.0	25.0	93.0	198.0	30.0	522.0	263.0	181.0	22.0	270.0	783.0	305.0	249.0	228.0	165.0	178.0	263.0	317.0	217.0	655.0	102.0	147.0	60.0	262.0	93.0	140.0	148.0	778.0	259.0	1242.0	260.0	125.0	407.0	503.0	696.0	482.0	186.0	175.0	175.0	261.0	169.0	583.0	200.0	202.0	200.0	242.0	312.0	156.0	839.0	238.0	543.0	64.0	243.0	469.0	467.0	170.0	207.0	392.0	156.0	101.0	149.0	26.0	191.0	51.0	452.0	272.0	158.0	455.0	87.0	442.0	96.0	919.0	203.0	681.0	183.0	510.0	117.0
PG1(B1)	167.0	882.0	47.0	170.0	54.0	843.0	84.0	103.0	61.0	138.0	50.0	483.0	79.0	55.0	170.0	106.0	167.0	523.0	394.0	53.0	11.0	266.0	47.0	5.0	238.0	110.0	77.0	211.0	11.0	479.0	586.0	100.0	12.0	78.0	228.0	33.0	149.0	233.0	397.0	47.0	187.0	30.0	25.0	14.0	293.0	75.0	95.0	69.0	12.0	172.0	65.0	141.0	253.0	238.0	74.0	139.0	164.0	14.0	212.0	137.0	241.0	130.0	101.0	230.0	541.0	545.0	418.0	408.0	76.0	411.0	805.0	691.0	594.0	273.0	107.0	213.0	168.0	329.0	273.0	92.0	156.0	254.0	238.0	304.0	114.0	153.0	344.0	318.0	574.0	369.0	78.0	551.0	217.0	49.0	115.0	186.0	527.0	446.0	697.0	1121.0	431.0	648.0	143.0	140.0	523.0	56.0	221.0	77.0	185.0	470.0	501.0	81.0	271.0	210.0	241.0	238.0	59.0	450.0	126.0	616.0	710.0	834.0	324.0	319.0	281.0	675.0	135.0	534.0	352.0	43.0	193.0	1371.0	272.0	714.0	160.0	244.0	189.0	675.0	219.0	171.0	122.0	69.0	94.0	85.0	17.0	319.0	90.0	85.0	77.0	191.0	12.0	182.0	473.0	745.0	217.0	13.0	165.0	56.0	345.0	278.0	489.0	368.0	64.0	282.0	38.0	71.0	319.0	219.0	126.0	822.0	176.0	253.0	235.0	38.0	69.0	962.0	13.0	70.0	99.0	88.0	26.0	93.0	201.0	31.0	526.0	267.0	180.0	23.0	269.0	789.0	311.0	251.0	233.0	168.0	180.0	267.0	322.0	216.0	656.0	106.0	151.0	59.0	264.0	94.0	140.0	149.0	791.0	261.0	1250.0	265.0	126.0	408.0	503.0	704.0	489.0	188.0	178.0	176.0	270.0	172.0	592.0	201.0	204.0	203.0	245.0	317.0	159.0	848.0	237.0	546.0	63.0	253.0	469.0	468.0	168.0	213.0	400.0	158.0	103.0	153.0	26.0	192.0	53.0	453.0	278.0	159.0	456.0	87.0	445.0	101.0	930.0	201.0	689.0	186.0	516.0	120.0
Qyrzula(B2)	250.0	437.0	22.0	228.0	40.0	736.0	41.0	111.0	46.0	99.0	21.0	263.0	52.0	36.0	203.0	125.0	115.0	582.0	350.0	40.0	8.0	374.0	45.0	2.0	282.0	79.0	185.0	117.0	16.0	655.0	384.0	78.0	5.0	39.0	228.0	16.0	107.0	215.0	481.0	8.0	678.0	10.0	21.0	3.0	243.0	76.0	70.0	85.0	9.0	98.0	46.0	127.0	138.0	234.0	35.0	146.0	215.0	17.0	238.0	117.0	242.0	105.0	101.0	186.0	617.0	686.0	309.0	463.0	65.0	400.0	821.0	1133.0	504.0	262.0	96.0	123.0	224.0	491.0	164.0	55.0	137.0	313.0	267.0	210.0	121.0	158.0	148.0	277.0	576.0	283.0	23.0	535.0	205.0	28.0	153.0	74.0	404.0	709.0	1009.0	950.0	409.0	755.0	161.0	191.0	289.0	54.0	139.0	51.0	140.0	302.0	623.0	72.0	208.0	588.0	524.0	248.0	295.0	800.0	331.0	424.0	345.0	584.0	448.0	483.0	243.0	565.0	117.0	264.0	244.0	23.0	155.0	1322.0	243.0	829.0	152.0	197.0	147.0	562.0	167.0	123.0	104.0	33.0	69.0	337.0	14.0	298.0	73.0	58.0	58.0	112.0	16.0	89.0	448.0	701.0	161.0	11.0	65.0	55.0	271.0	389.0	435.0	381.0	46.0	150.0	19.0	101.0	292.0	233.0	44.0	1155.0	153.0	249.0	138.0	8.0	30.0	450.0	5.0	33.0	48.0	52.0	20.0	53.0	180.0	15.0	422.0	213.0	146.0	31.0	341.0	591.0	226.0	258.0	323.0	198.0	167.0	264.0	318.0	113.0	452.0	49.0	183.0	49.0	355.0	107.0	127.0	160.0	1028.0	271.0	1220.0	214.0	105.0	408.0	358.0	560.0	391.0	116.0	185.0	720.0	289.0	193.0	489.0	198.0	185.0	140.0	228.0	279.0	128.0	1189.0	211.0	450.0	59.0	243.0	416.0	438.0	191.0	148.0	510.0	102.0	105.0	160.0	13.0	177.0	20.0	335.0	289.0	187.0	448.0	102.0	495.0	178.0	899.0	253.0	989.0	169.0	482.0	306.0
Rosebush(B2)	241.0	452.0	25.0	219.0	44.0	751.0	45.0	119.0	42.0	97.0	22.0	251.0	50.0	35.0	210.0	121.0	113.0	592.0	350.0	37.0	7.0	389.0	45.0	1.0	278.0	76.0	184.0	117.0	18.0	661.0	392.0	77.0	5.0	37.0	240.0	17.0	100.0	220.0	475.0	10.0	680.0	10.0	21.0	4.0	248.0	76.0	67.0	86.0	10.0	97.0	46.0	129.0	138.0	235.0	37.0	147.0	217.0	14.0	230.0	115.0	244.0	105.0	100.0	187.0	618.0	689.0	304.0	459.0	62.0	402.0	816.0	1137.0	505.0	264.0	92.0	122.0	227.0	498.0	169.0	51.0	143.0	315.0	267.0	207.0	117.0	154.0	153.0	280.0	577.0	283.0	25.0	539.0	203.0	26.0	141.0	74.0	417.0	713.0	992.0	963.0	422.0	746.0	169.0	192.0	295.0	53.0	148.0	51.0	140.0	321.0	628.0	69.0	208.0	585.0	536.0	247.0	297.0	807.0	325.0	446.0	355.0	582.0	455.0	486.0	237.0	570.0	120.0	262.0	246.0	21.0	165.0	1317.0	240.0	831.0	150.0	193.0	146.0	576.0	169.0	119.0	107.0	33.0	64.0	325.0	14.0	307.0	72.0	56.0	54.0	115.0	16.0	93.0	449.0	700.0	162.0	11.0	63.0	54.0	270.0	390.0	443.0	386.0	49.0	151.0	22.0	108.0	280.0	233.0	46.0	1124.0	157.0	260.0	137.0	10.0	35.0	474.0	6.0	32.0	49.0	54.0	19.0	54.0	185.0	15.0	428.0	215.0	146.0	31.0	340.0	593.0	235.0	264.0	330.0	201.0	171.0	260.0	320.0	117.0	450.0	51.0	188.0	44.0	352.0	103.0	122.0	160.0	1021.0	278.0	1222.0	212.0	105.0	418.0	356.0	561.0	397.0	117.0	182.0	708.0	283.0	201.0	502.0	200.0	180.0	144.0	236.0	281.0	141.0	1193.0	212.0	453.0	62.0	236.0	412.0	432.0	194.0	151.0	515.0	105.0	99.0	153.0	13.0	178.0	19.0	345.0	293.0	188.0	458.0	99.0	503.0	173.0	903.0	255.0	980.0	174.0	480.0	312.0
Phaedrus(B3)	273.0	569.0	26.0	335.0	17.0	1039.0	40.0	97.0	59.0	130.0	18.0	435.0	43.0	29.0	177.0	137.0	99.0	424.0	478.0	49.0	4.0	553.0	34.0	5.0	385.0	41.0	293.0	248.0	8.0	413.0	488.0	40.0	7.0	57.0	189.0	24.0	135.0	125.0	291.0	10.0	337.0	13.0	16.0	5.0	285.0	65.0	104.0	118.0	10.0	155.0	47.0	244.0	315.0	236.0	71.0	164.0	200.0	7.0	666.0	136.0	341.0	118.0	136.0	106.0	346.0	459.0	479.0	527.0	99.0	531.0	633.0	626.0	442.0	203.0	129.0	245.0	249.0	341.0	232.0	60.0	205.0	249.0	334.0	301.0	132.0	216.0	210.0	274.0	633.0	257.0	31.0	902.0	205.0	24.0	207.0	180.0	297.0	264.0	1044.0	1030.0	385.0	706.0	155.0	160.0	482.0	39.0	342.0	36.0	152.0	480.0	328.0	33.0	265.0	376.0	377.0	202.0	411.0	365.0	285.0	621.0	649.0	731.0	290.0	308.0	210.0	534.0	96.0	815.0	443.0	35.0	91.0	1470.0	236.0	496.0	139.0	251.0	140.0	567.0	155.0	152.0	121.0	10.0	95.0	426.0	6.0	276.0	59.0	142.0	53.0	344.0	10.0	185.0	491.0	692.0	199.0	6.0	41.0	26.0	218.0	274.0	403.0	331.0	43.0	105.0	14.0	105.0	270.0	158.0	66.0	1004.0	124.0	234.0	202.0	17.0	22.0	764.0	3.0	23.0	44.0	43.0	32.0	50.0	181.0	12.0	840.0	138.0	159.0	25.0	370.0	864.0	323.0	210.0	493.0	203.0	135.0	285.0	249.0	194.0	407.0	41.0	330.0	22.0	288.0	152.0	145.0	155.0	497.0	233.0	1250.0	203.0	117.0	282.0	468.0	619.0	334.0	108.0	106.0	394.0	116.0	103.0	619.0	144.0	140.0	156.0	186.0	258.0	231.0	682.0	162.0	631.0	80.0	245.0	320.0	497.0	128.0	123.0	271.0	108.0	74.0	171.0	10.0	194.0	32.0	353.0	261.0	222.0	437.0	43.0	344.0	347.0	1031.0	617.0	724.0	363.0	518.0	260.0
Pipefish(B3)	260.0	586.0	25.0	355.0	20.0	1055.0	47.0	107.0	61.0	132.0	9.0	441.0	41.0	30.0	195.0	138.0	90.0	424.0	475.0	53.0	9.0	539.0	37.0	4.0	402.0	50.0	323.0	248.0	9.0	433.0	466.0	45.0	10.0	58.0	191.0	21.0	139.0	137.0	292.0	13.0	332.0	15.0	18.0	3.0	301.0	59.0	116.0	121.0	14.0	165.0	48.0	245.0	319.0	246.0	71.0	179.0	214.0	10.0	657.0	143.0	324.0	129.0	135.0	124.0	353.0	492.0	490.0	541.0	106.0	536.0	644.0	633.0	455.0	221.0	135.0	247.0	249.0	330.0	233.0	65.0	216.0	254.0	350.0	298.0	136.0	222.0	198.0	280.0	637.0	244.0	36.0	892.0	218.0	22.0	227.0	191.0	305.0	271.0	1061.0	1017.0	390.0	711.0	152.0	160.0	484.0	34.0	366.0	35.0	148.0	463.0	322.0	38.0	259.0	386.0	374.0	202.0	420.0	386.0	292.0	601.0	657.0	725.0	312.0	305.0	219.0	548.0	107.0	826.0	432.0	39.0	99.0	1453.0	237.0	498.0	133.0	248.0	149.0	585.0	155.0	156.0	136.0	15.0	93.0	419.0	11.0	296.0	55.0	144.0	51.0	341.0	15.0	179.0	493.0	700.0	210.0	7.0	49.0	33.0	224.0	276.0	378.0	359.0	38.0	110.0	17.0	110.0	275.0	157.0	70.0	1023.0	140.0	242.0	199.0	14.0	27.0	731.0	2.0	26.0	48.0	52.0	34.0	57.0	187.0	18.0	792.0	144.0	154.0	24.0	395.0	850.0	335.0	224.0	480.0	204.0	143.0	305.0	250.0	201.0	409.0	43.0	328.0	31.0	278.0	168.0	158.0	148.0	522.0	228.0	1231.0	204.0	121.0	294.0	458.0	650.0	344.0	108.0	125.0	415.0	118.0	103.0	641.0	140.0	141.0	160.0	182.0	256.0	246.0	691.0	188.0	640.0	74.0	245.0	328.0	498.0	135.0	120.0	290.0	109.0	75.0	165.0	13.0	196.0	30.0	363.0	264.0	218.0	450.0	39.0	329.0	348.0	1026.0	626.0	739.0	379.0	532.0	265.0
Cooper(B4)	256.0	409.0	60.0	230.0	44.0	721.0	51.0	136.0	58.0	107.0	23.0	227.0	46.0	25.0	169.0	100.0	149.0	585.0	391.0	40.0	18.0	349.0	47.0	5.0	344.0	71.0	170.0	95.0	18.0	1016.0	386.0	80.0	10.0	43.0	284.0	21.0	152.0	202.0	519.0	13.0	813.0	39.0	40.0	7.0	217.0	87.0	77.0	103.0	6.0	134.0	70.0	67.0	116.0	213.0	44.0	160.0	201.0	14.0	189.0	155.0	290.0	108.0	121.0	156.0	575.0	699.0	332.0	483.0	82.0	460.0	739.0	1062.0	708.0	198.0	113.0	231.0	197.0	367.0	161.0	41.0	120.0	281.0	243.0	259.0	128.0	138.0	161.0	278.0	528.0	326.0	36.0	583.0	262.0	36.0	124.0	94.0	750.0	709.0	863.0	1082.0	564.0	818.0	190.0	180.0	282.0	53.0	179.0	81.0	178.0	250.0	979.0	51.0	430.0	565.0	504.0	390.0	244.0	812.0	355.0	323.0	318.0	560.0	471.0	387.0	296.0	721.0	123.0	260.0	278.0	32.0	187.0	1344.0	227.0	827.0	117.0	243.0	133.0	693.0	187.0	140.0	120.0	26.0	49.0	264.0	17.0	256.0	77.0	46.0	35.0	129.0	19.0	104.0	448.0	632.0	203.0	8.0	41.0	33.0	312.0	460.0	645.0	293.0	37.0	136.0	12.0	151.0	299.0	247.0	64.0	1063.0	154.0	298.0	158.0	27.0	49.0	368.0	3.0	27.0	42.0	57.0	23.0	47.0	206.0	15.0	448.0	249.0	168.0	34.0	332.0	586.0	252.0	205.0	293.0	192.0	157.0	286.0	341.0	118.0	933.0	34.0	125.0	22.0	293.0	88.0	93.0	203.0	898.0	335.0	1256.0	389.0	103.0	493.0	318.0	553.0	352.0	107.0	185.0	895.0	350.0	169.0	477.0	326.0	190.0	124.0	265.0	371.0	196.0	1071.0	226.0	384.0	71.0	312.0	550.0	503.0	165.0	139.0	428.0	128.0	90.0	179.0	27.0	193.0	25.0	439.0	284.0	170.0	483.0	74.0	495.0	214.0	808.0	209.0	909.0	152.0	578.0	323.0
Nigel(B4)	238.0	367.0	72.0	254.0	44.0	692.0	62.0	122.0	75.0	109.0	18.0	227.0	50.0	33.0	170.0	105.0	149.0	552.0	377.0	54.0	16.0	340.0	61.0	8.0	349.0	82.0	185.0	110.0	19.0	1001.0	343.0	86.0	16.0	47.0	285.0	32.0	172.0	185.0	493.0	14.0	789.0	37.0	54.0	12.0	216.0	80.0	82.0	106.0	7.0	132.0	65.0	74.0	110.0	211.0	44.0	169.0	188.0	14.0	221.0	166.0	291.0	118.0	138.0	178.0	543.0	645.0	331.0	473.0	91.0	442.0	725.0	1005.0	670.0	202.0	117.0	228.0	185.0	354.0	153.0	68.0	123.0	257.0	263.0	276.0	148.0	153.0	156.0	291.0	491.0	331.0	45.0	580.0	300.0	31.0	145.0	88.0	691.0	691.0	881.0	1063.0	560.0	795.0	203.0	179.0	299.0	62.0	192.0	81.0	175.0	235.0	949.0	50.0	417.0	546.0	470.0	371.0	220.0	752.0	353.0	322.0	300.0	559.0	448.0	382.0	309.0	618.0	141.0	246.0	269.0	37.0	182.0	1349.0	235.0	777.0	122.0	218.0	145.0	650.0	172.0	156.0	113.0	34.0	59.0	266.0	14.0	246.0	100.0	45.0	65.0	136.0	24.0	112.0	440.0	660.0	215.0	11.0	82.0	40.0	308.0	419.0	618.0	275.0	33.0	176.0	23.0	158.0	297.0	252.0	91.0	1091.0	163.0	236.0	168.0	28.0	44.0	341.0	8.0	45.0	61.0	65.0	22.0	81.0	208.0	27.0	445.0	240.0	161.0	36.0	316.0	547.0	283.0	224.0	284.0	219.0	157.0	267.0	301.0	118.0	875.0	51.0	128.0	48.0	272.0	85.0	86.0	205.0	839.0	344.0	1238.0	391.0	117.0	482.0	304.0	541.0	368.0	103.0	205.0	825.0	347.0	179.0	462.0	333.0	206.0	134.0	275.0	360.0	193.0	1044.0	247.0	368.0	68.0	260.0	540.0	490.0	149.0	151.0	465.0	133.0	85.0	165.0	33.0	200.0	34.0	425.0	291.0	163.0	478.0	100.0	506.0	218.0	730.0	225.0	920.0	152.0	560.0	309.0
Bxz1(C1)	422.0	1738.0	95.0	493.0	71.0	2050.0	120.0	354.0	248.0	377.0	80.0	768.0	117.0	133.0	293.0	334.0	178.0	964.0	721.0	183.0	13.0	1190.0	103.0	22.0	582.0	168.0	740.0	770.0	55.0	1387.0	896.0	270.0	44.0	98.0	536.0	58.0	293.0	766.0	981.0	51.0	1172.0	68.0	86.0	20.0	426.0	150.0	253.0	341.0	34.0	547.0	285.0	400.0	416.0	327.0	285.0	457.0	795.0	56.0	779.0	561.0	534.0	612.0	358.0	307.0	727.0	996.0	1093.0	871.0	273.0	779.0	1048.0	1824.0	1081.0	291.0	272.0	526.0	894.0	905.0	703.0	174.0	608.0	629.0	698.0	710.0	428.0	504.0	634.0	799.0	1581.0	754.0	96.0	1449.0	637.0	75.0	363.0	399.0	1128.0	1193.0	1829.0	1184.0	1092.0	1466.0	440.0	290.0	956.0	65.0	663.0	88.0	562.0	748.0	1210.0	320.0	742.0	1365.0	934.0	749.0	514.0	1107.0	795.0	960.0	1297.0	991.0	684.0	823.0	566.0	1429.0	219.0	1133.0	636.0	77.0	376.0	1930.0	643.0	1778.0	563.0	625.0	491.0	1026.0	877.0	556.0	526.0	54.0	385.0	1009.0	47.0	564.0	112.0	331.0	205.0	377.0	34.0	554.0	644.0	1426.0	458.0	37.0	157.0	121.0	1300.0	1039.0	1067.0	1092.0	133.0	442.0	58.0	291.0	641.0	510.0	189.0	1874.0	441.0	479.0	455.0	43.0	132.0	981.0	49.0	180.0	183.0	215.0	48.0	171.0	531.0	42.0	1219.0	186.0	179.0	80.0	729.0	1249.0	712.0	241.0	847.0	499.0	487.0	606.0	970.0	499.0	1266.0	123.0	471.0	138.0	844.0	285.0	525.0	238.0	1109.0	711.0	1561.0	674.0	122.0	898.0	1160.0	1630.0	1120.0	137.0	208.0	1586.0	696.0	193.0	1285.0	666.0	433.0	492.0	560.0	573.0	545.0	1544.0	682.0	1029.0	232.0	672.0	732.0	710.0	488.0	452.0	667.0	248.0	335.0	421.0	42.0	512.0	58.0	1112.0	676.0	511.0	835.0	146.0	943.0	811.0	1275.0	917.0	1788.0	543.0	810.0	557.0
Cali(C1)	413.0	1733.0	98.0	489.0	74.0	2032.0	116.0	352.0	236.0	378.0	79.0	743.0	109.0	137.0	313.0	322.0	184.0	940.0	730.0	184.0	11.0	1189.0	101.0	20.0	573.0	168.0	732.0	784.0	57.0	1371.0	902.0	274.0	47.0	101.0	542.0	56.0	294.0	757.0	972.0	54.0	1167.0	67.0	83.0	26.0	406.0	158.0	244.0	334.0	34.0	554.0	275.0	397.0	426.0	330.0	278.0	453.0	773.0	54.0	757.0	560.0	525.0	623.0	366.0	307.0	739.0	993.0	1060.0	872.0	266.0	792.0	1034.0	1799.0	1086.0	300.0	280.0	519.0	885.0	892.0	702.0	184.0	597.0	632.0	694.0	717.0	444.0	500.0	635.0	786.0	1595.0	733.0	102.0	1438.0	627.0	73.0	348.0	404.0	1114.0	1170.0	1796.0	1159.0	1090.0	1444.0	445.0	303.0	953.0	61.0	660.0	94.0	570.0	740.0	1204.0	309.0	733.0	1357.0	938.0	734.0	515.0	1117.0	811.0	946.0	1321.0	990.0	690.0	816.0	562.0	1412.0	227.0	1121.0	641.0	77.0	369.0	1895.0	633.0	1754.0	549.0	626.0	488.0	1051.0	856.0	555.0	545.0	52.0	388.0	1014.0	45.0	575.0	115.0	328.0	225.0	368.0	28.0	566.0	670.0	1392.0	463.0	34.0	163.0	119.0	1286.0	1048.0	1090.0	1080.0	126.0	424.0	56.0	275.0	640.0	502.0	197.0	1879.0	438.0	478.0	465.0	51.0	133.0	987.0	51.0	181.0	184.0	220.0	47.0	171.0	531.0	40.0	1221.0	205.0	183.0	84.0	734.0	1264.0	710.0	241.0	823.0	478.0	479.0	611.0	962.0	490.0	1263.0	133.0	466.0	131.0	845.0	277.0	504.0	234.0	1102.0	708.0	1549.0	681.0	114.0	890.0	1156.0	1607.0	1115.0	141.0	217.0	1580.0	694.0	208.0	1282.0	674.0	424.0	472.0	571.0	582.0	536.0	1527.0	681.0	1009.0	219.0	651.0	729.0	697.0	489.0	445.0	670.0	246.0	329.0	420.0	43.0	503.0	58.0	1118.0	676.0	512.0	833.0	145.0	930.0	796.0	1256.0	894.0	1770.0	546.0	832.0	546.0
Catera(C1)	421.0	1690.0	102.0	466.0	74.0	2043.0	110.0	346.0	232.0	378.0	78.0	745.0	112.0	131.0	299.0	319.0	183.0	938.0	708.0	176.0	12.0	1173.0	101.0	20.0	569.0	161.0	720.0	765.0	58.0	1375.0	888.0	272.0	40.0	110.0	528.0	53.0	287.0	754.0	973.0	52.0	1144.0	78.0	80.0	23.0	395.0	155.0	251.0	341.0	33.0	558.0	267.0	400.0	423.0	319.0	283.0	437.0	786.0	54.0	764.0	532.0	530.0	613.0	360.0	303.0	725.0	1001.0	1059.0	875.0	275.0	794.0	1058.0	1792.0	1069.0	285.0	275.0	510.0	867.0	877.0	694.0	181.0	585.0	620.0	697.0	714.0	437.0	490.0	632.0	800.0	1589.0	732.0	101.0	1434.0	624.0	76.0	349.0	401.0	1120.0	1172.0	1808.0	1150.0	1079.0	1435.0	427.0	287.0	948.0	70.0	634.0	80.0	541.0	722.0	1203.0	310.0	727.0	1340.0	907.0	749.0	504.0	1089.0	785.0	938.0	1279.0	986.0	697.0	805.0	556.0	1424.0	226.0	1109.0	616.0	76.0	363.0	1896.0	634.0	1731.0	566.0	615.0	486.0	1020.0	845.0	546.0	535.0	62.0	366.0	988.0	52.0	566.0	109.0	351.0	216.0	371.0	32.0	548.0	629.0	1408.0	459.0	37.0	159.0	126.0	1277.0	1037.0	1052.0	1085.0	133.0	412.0	64.0	276.0	646.0	496.0	188.0	1826.0	433.0	459.0	455.0	50.0	134.0	946.0	49.0	181.0	176.0	208.0	48.0	165.0	519.0	42.0	1185.0	190.0	184.0	77.0	731.0	1228.0	698.0	233.0	818.0	495.0	475.0	595.0	963.0	488.0	1248.0	122.0	465.0	138.0	830.0	281.0	497.0	245.0	1123.0	682.0	1522.0	661.0	118.0	870.0	1111.0	1598.0	1083.0	139.0	206.0	1574.0	685.0	195.0	1274.0	657.0	421.0	474.0	550.0	578.0	535.0	1539.0	669.0	1008.0	219.0	652.0	700.0	725.0	487.0	443.0	666.0	243.0	331.0	423.0	45.0	504.0	57.0	1106.0	656.0	489.0	832.0	146.0	917.0	793.0	1268.0	891.0	1770.0	533.0	795.0	533.0
Rizal(C1)	420.0	1694.0	98.0	472.0	71.0	2035.0	120.0	342.0	232.0	382.0	79.0	752.0	112.0	130.0	302.0	321.0	183.0	951.0	716.0	175.0	14.0	1181.0	102.0	19.0	574.0	161.0	711.0	757.0	54.0	1376.0	892.0	272.0	41.0	104.0	539.0	51.0	285.0	759.0	961.0	53.0	1151.0	69.0	80.0	23.0	400.0	153.0	247.0	333.0	34.0	553.0	274.0	395.0	420.0	319.0	279.0	445.0	768.0	57.0	768.0	534.0	519.0	612.0	356.0	306.0	723.0	998.0	1064.0	861.0	268.0	796.0	1057.0	1794.0	1063.0	280.0	271.0	513.0	867.0	880.0	688.0	183.0	591.0	619.0	691.0	705.0	427.0	489.0	629.0	796.0	1583.0	740.0	102.0	1426.0	625.0	73.0	346.0	403.0	1092.0	1170.0	1817.0	1146.0	1085.0	1429.0	437.0	290.0	960.0	68.0	651.0	84.0	550.0	725.0	1194.0	308.0	725.0	1351.0	913.0	750.0	509.0	1102.0	793.0	944.0	1286.0	982.0	691.0	810.0	556.0	1403.0	217.0	1123.0	623.0	80.0	360.0	1880.0	635.0	1746.0	562.0	617.0	482.0	1036.0	840.0	540.0	523.0	66.0	378.0	990.0	48.0	580.0	111.0	336.0	204.0	376.0	30.0	558.0	625.0	1404.0	462.0	36.0	167.0	122.0	1272.0	1039.0	1053.0	1085.0	129.0	417.0	64.0	280.0	640.0	491.0	190.0	1851.0	429.0	473.0	453.0	44.0	141.0	958.0	49.0	188.0	182.0	211.0	46.0	169.0	530.0	43.0	1182.0	189.0	185.0	80.0	715.0	1226.0	703.0	236.0	828.0	490.0	473.0	604.0	968.0	489.0	1254.0	128.0	465.0	131.0	828.0	284.0	499.0	251.0	1112.0	689.0	1534.0	657.0	121.0	872.0	1130.0	1592.0	1094.0	139.0	206.0	1586.0	688.0	192.0	1282.0	655.0	422.0	479.0	560.0	583.0	531.0	1530.0	667.0	1011.0	216.0	654.0	710.0	709.0	488.0	441.0	655.0	246.0	329.0	420.0	43.0	501.0	52.0	1115.0	657.0	505.0	829.0	141.0	922.0	792.0	1251.0	896.0	1762.0	530.0	797.0	546.0
ScottMcG(C1)	413.0	1705.0	100.0	474.0	74.0	2038.0	111.0	336.0	230.0	377.0	85.0	750.0	113.0	129.0	302.0	321.0	181.0	925.0	713.0	178.0	11.0	1177.0	94.0	21.0	581.0	155.0	722.0	769.0	61.0	1386.0	899.0	266.0	37.0	101.0	522.0	55.0	289.0	763.0	978.0	56.0	1159.0	70.0	77.0	26.0	399.0	158.0	247.0	332.0	31.0	557.0	267.0	405.0	422.0	327.0	287.0	454.0	771.0	51.0	767.0	548.0	526.0	606.0	359.0	301.0	724.0	1010.0	1060.0	873.0	271.0	798.0	1076.0	1842.0	1079.0	281.0	279.0	511.0	878.0	886.0	701.0	175.0	590.0	615.0	690.0	719.0	436.0	494.0	629.0	790.0	1584.0	738.0	100.0	1442.0	620.0	70.0	347.0	397.0	1140.0	1190.0	1833.0	1168.0	1106.0	1453.0	432.0	291.0	951.0	64.0	651.0	88.0	555.0	737.0	1191.0	311.0	718.0	1356.0	913.0	748.0	507.0	1110.0	794.0	944.0	1284.0	1000.0	697.0	824.0	553.0	1440.0	215.0	1115.0	619.0	76.0	368.0	1916.0	636.0	1738.0	553.0	622.0	481.0	1040.0	840.0	547.0	540.0	61.0	371.0	1000.0	46.0	574.0	106.0	351.0	210.0	379.0	32.0	548.0	630.0	1407.0	451.0	33.0	160.0	118.0	1275.0	1029.0	1057.0	1098.0	135.0	418.0	74.0	275.0	644.0	504.0	182.0	1852.0	432.0	491.0	460.0	43.0	138.0	976.0	51.0	194.0	189.0	214.0	43.0	165.0	507.0	44.0	1194.0	190.0	176.0	75.0	737.0	1230.0	700.0	233.0	833.0	497.0	485.0	602.0	964.0	486.0	1261.0	120.0	464.0	130.0	829.0	285.0	491.0	241.0	1140.0	676.0	1534.0	675.0	114.0	872.0	1142.0	1603.0	1092.0	135.0	213.0	1595.0	696.0	185.0	1279.0	663.0	418.0	480.0	559.0	586.0	539.0	1541.0	673.0	1020.0	224.0	710.0	709.0	718.0	487.0	443.0	679.0	246.0	320.0	409.0	47.0	495.0	55.0	1103.0	662.0	503.0	840.0	147.0	917.0	792.0	1274.0	903.0	1780.0	539.0	791.0	540.0
Spud(C1)	416.0	1714.0	96.0	484.0	71.0	2040.0	116.0	350.0	238.0	384.0	79.0	754.0	108.0	131.0	305.0	329.0	182.0	942.0	719.0	183.0	12.0	1191.0	99.0	20.0	585.0	156.0	734.0	777.0	58.0	1380.0	900.0	265.0	41.0	103.0	529.0	54.0	284.0	763.0	967.0	55.0	1171.0	70.0	79.0	23.0	412.0	156.0	254.0	328.0	33.0	553.0	277.0	399.0	415.0	329.0	281.0	455.0	784.0	52.0	779.0	551.0	530.0	619.0	357.0	299.0	727.0	1003.0	1074.0	871.0	276.0	798.0	1065.0	1829.0	1070.0	286.0	271.0	514.0	891.0	888.0	705.0	180.0	584.0	622.0	687.0	713.0	435.0	498.0	631.0	806.0	1593.0	746.0	100.0	1450.0	618.0	71.0	351.0	398.0	1123.0	1182.0	1828.0	1171.0	1105.0	1446.0	441.0	287.0	952.0	65.0	651.0	88.0	558.0	733.0	1190.0	313.0	723.0	1341.0	922.0	734.0	504.0	1106.0	802.0	936.0	1293.0	995.0	696.0	812.0	567.0	1431.0	210.0	1113.0	624.0	76.0	367.0	1922.0	636.0	1744.0	564.0	615.0	477.0	1026.0	844.0	560.0	540.0	58.0	380.0	1017.0	48.0	557.0	111.0	340.0	207.0	377.0	34.0	550.0	644.0	1410.0	458.0	37.0	161.0	120.0	1295.0	1033.0	1057.0	1096.0	131.0	420.0	64.0	283.0	642.0	504.0	183.0	1859.0	425.0	469.0	457.0	40.0	135.0	972.0	53.0	192.0	191.0	216.0	43.0	171.0	516.0	42.0	1193.0	182.0	182.0	77.0	728.0	1237.0	710.0	243.0	828.0	499.0	477.0	604.0	968.0	494.0	1253.0	125.0	464.0	135.0	834.0	288.0	513.0	234.0	1121.0	698.0	1547.0	661.0	122.0	878.0	1144.0	1604.0	1098.0	135.0	209.0	1581.0	690.0	190.0	1280.0	663.0	427.0	483.0	564.0	583.0	527.0	1542.0	673.0	1021.0	230.0	672.0	713.0	718.0	489.0	439.0	683.0	244.0	322.0	409.0	41.0	501.0	57.0	1096.0	666.0	501.0	833.0	148.0	919.0	795.0	1270.0	897.0	1773.0	531.0	813.0	552.0
Myrna(C2)	618.0	2002.0	95.0	358.0	33.0	2258.0	125.0	378.0	353.0	352.0	31.0	699.0	73.0	67.0	342.0	330.0	216.0	1175.0	779.0	110.0	16.0	1247.0	54.0	19.0	649.0	65.0	864.0	866.0	23.0	1636.0	911.0	362.0	22.0	64.0	504.0	63.0	268.0	833.0	1120.0	30.0	1501.0	65.0	67.0	28.0	270.0	179.0	216.0	302.0	34.0	479.0	329.0	355.0	339.0	352.0	317.0	381.0	928.0	117.0	605.0	674.0	714.0	630.0	279.0	334.0	823.0	1222.0	1251.0	1016.0	324.0	981.0	1148.0	1814.0	1355.0	356.0	306.0	626.0	1080.0	1009.0	786.0	112.0	572.0	663.0	745.0	638.0	469.0	479.0	524.0	804.0	1718.0	640.0	50.0	1607.0	635.0	104.0	304.0	338.0	1073.0	1360.0	1493.0	1274.0	1108.0	1819.0	432.0	244.0	1050.0	85.0	657.0	117.0	622.0	685.0	1523.0	294.0	822.0	1475.0	1067.0	775.0	603.0	1244.0	988.0	1016.0	1299.0	1077.0	691.0	901.0	583.0	1482.0	252.0	1182.0	644.0	106.0	354.0	2197.0	556.0	1852.0	579.0	708.0	527.0	875.0	1021.0	561.0	726.0	17.0	347.0	1267.0	58.0	586.0	59.0	292.0	134.0	289.0	27.0	590.0	811.0	1481.0	406.0	15.0	82.0	57.0	1560.0	1213.0	1352.0	1238.0	80.0	400.0	23.0	300.0	635.0	610.0	98.0	1929.0	449.0	370.0	531.0	20.0	93.0	871.0	42.0	106.0	122.0	107.0	42.0	106.0	437.0	27.0	1328.0	147.0	213.0	46.0	985.0	1370.0	691.0	169.0	694.0	584.0	459.0	721.0	1078.0	415.0	1256.0	76.0	434.0	61.0	857.0	263.0	553.0	309.0	1217.0	899.0	1715.0	821.0	70.0	1048.0	1298.0	1578.0	1299.0	90.0	146.0	1778.0	845.0	126.0	1220.0	734.0	382.0	433.0	572.0	568.0	435.0	1586.0	778.0	1189.0	253.0	696.0	711.0	995.0	502.0	363.0	678.0	160.0	390.0	475.0	24.0	639.0	45.0	1342.0	707.0	505.0	942.0	78.0	1159.0	798.0	1419.0	777.0	1917.0	500.0	1055.0	651.0
Adjutor(D)	257.0	630.0	66.0	324.0	90.0	571.0	117.0	168.0	104.0	134.0	75.0	357.0	108.0	114.0	132.0	155.0	85.0	389.0	214.0	228.0	8.0	434.0	72.0	12.0	300.0	133.0	529.0	306.0	25.0	610.0	444.0	139.0	26.0	105.0	219.0	24.0	201.0	389.0	254.0	50.0	400.0	41.0	45.0	23.0	181.0	115.0	99.0	136.0	21.0	313.0	102.0	165.0	173.0	160.0	86.0	193.0	457.0	47.0	379.0	394.0	183.0	382.0	148.0	199.0	284.0	409.0	491.0	347.0	151.0	307.0	301.0	405.0	461.0	194.0	159.0	234.0	463.0	341.0	376.0	168.0	184.0	232.0	306.0	241.0	199.0	238.0	293.0	383.0	415.0	388.0	82.0	560.0	300.0	23.0	331.0	216.0	287.0	423.0	382.0	394.0	397.0	381.0	176.0	154.0	403.0	33.0	312.0	72.0	366.0	276.0	497.0	79.0	402.0	330.0	329.0	334.0	237.0	558.0	310.0	363.0	411.0	426.0	242.0	246.0	232.0	279.0	150.0	476.0	249.0	36.0	282.0	533.0	198.0	425.0	311.0	333.0	251.0	296.0	241.0	262.0	339.0	73.0	238.0	381.0	26.0	236.0	136.0	152.0	190.0	259.0	38.0	251.0	304.0	360.0	247.0	14.0	98.0	87.0	700.0	364.0	469.0	389.0	156.0	256.0	31.0	196.0	275.0	256.0	192.0	489.0	208.0	175.0	220.0	75.0	105.0	376.0	15.0	92.0	120.0	213.0	50.0	193.0	217.0	44.0	318.0	182.0	133.0	31.0	294.0	364.0	229.0	200.0	189.0	165.0	257.0	271.0	211.0	144.0	375.0	72.0	253.0	54.0	240.0	149.0	211.0	173.0	413.0	360.0	538.0	340.0	90.0	405.0	451.0	518.0	537.0	195.0	145.0	541.0	395.0	175.0	293.0	269.0	251.0	247.0	319.0	249.0	142.0	532.0	361.0	462.0	115.0	161.0	273.0	284.0	242.0	225.0	313.0	153.0	177.0	170.0	34.0	213.0	58.0	455.0	283.0	211.0	348.0	150.0	412.0	320.0	436.0	367.0	427.0	192.0	339.0	206.0
Butterscotch(D)	258.0	627.0	69.0	328.0	90.0	569.0	118.0	168.0	105.0	133.0	78.0	352.0	113.0	118.0	132.0	154.0	81.0	382.0	215.0	225.0	8.0	434.0	73.0	11.0	302.0	133.0	533.0	304.0	24.0	612.0	446.0	139.0	25.0	104.0	220.0	26.0	203.0	389.0	257.0	49.0	400.0	42.0	45.0	25.0	178.0	113.0	97.0	137.0	21.0	313.0	104.0	168.0	174.0	159.0	88.0	195.0	454.0	48.0	380.0	397.0	182.0	384.0	148.0	203.0	286.0	412.0	485.0	344.0	150.0	308.0	301.0	400.0	457.0	195.0	159.0	233.0	462.0	340.0	381.0	168.0	190.0	230.0	309.0	241.0	203.0	238.0	297.0	381.0	417.0	393.0	80.0	550.0	300.0	23.0	330.0	213.0	283.0	422.0	383.0	392.0	400.0	371.0	178.0	155.0	401.0	32.0	312.0	73.0	368.0	280.0	498.0	80.0	405.0	324.0	327.0	333.0	237.0	554.0	308.0	364.0	410.0	428.0	248.0	243.0	232.0	278.0	151.0	471.0	249.0	35.0	278.0	531.0	202.0	425.0	308.0	335.0	252.0	299.0	245.0	262.0	340.0	73.0	238.0	377.0	28.0	236.0	138.0	154.0	194.0	263.0	36.0	251.0	309.0	360.0	246.0	14.0	100.0	87.0	692.0	369.0	471.0	386.0	163.0	257.0	31.0	195.0	273.0	258.0	196.0	487.0	208.0	172.0	223.0	77.0	104.0	380.0	14.0	90.0	117.0	214.0	52.0	189.0	222.0	46.0	325.0	182.0	133.0	33.0	293.0	361.0	232.0	197.0	189.0	169.0	253.0	272.0	211.0	146.0	375.0	73.0	254.0	55.0	243.0	152.0	209.0	175.0	416.0	361.0	537.0	338.0	87.0	408.0	452.0	520.0	534.0	194.0	149.0	536.0	395.0	174.0	292.0	267.0	252.0	245.0	321.0	249.0	138.0	536.0	359.0	461.0	114.0	157.0	274.0	282.0	246.0	227.0	318.0	155.0	179.0	172.0	33.0	215.0	58.0	459.0	286.0	215.0	351.0	150.0	406.0	322.0	435.0	364.0	423.0	189.0	338.0	208.0
Gumball(D)	255.0	635.0	64.0	342.0	91.0	580.0	119.0	169.0	106.0	144.0	77.0	352.0	111.0	118.0	120.0	158.0	80.0	390.0	210.0	238.0	9.0	432.0	71.0	12.0	302.0	133.0	530.0	313.0	26.0	597.0	443.0	143.0	30.0	104.0	217.0	28.0	199.0	391.0	248.0	53.0	393.0	46.0	41.0	22.0	186.0	112.0	106.0	139.0	25.0	314.0	114.0	162.0	171.0	158.0	82.0	197.0	460.0	48.0	375.0	398.0	176.0	387.0	146.0	203.0	289.0	419.0	496.0	335.0	159.0	304.0	288.0	417.0	482.0	199.0	158.0	237.0	460.0	342.0	380.0	171.0	202.0	237.0	311.0	244.0	201.0	236.0	298.0	380.0	407.0	387.0	84.0	562.0	299.0	21.0	326.0	225.0	288.0	421.0	368.0	390.0	394.0	376.0	179.0	156.0	400.0	37.0	310.0	74.0	353.0	275.0	483.0	82.0	391.0	338.0	324.0	327.0	231.0	564.0	319.0	361.0	407.0	439.0	255.0	243.0	233.0	276.0	148.0	474.0	255.0	33.0	271.0	546.0	207.0	426.0	321.0	338.0	255.0	292.0	242.0	264.0	342.0	68.0	235.0	384.0	28.0	238.0	151.0	147.0	198.0	256.0	41.0	245.0	301.0	360.0	263.0	15.0	94.0	88.0	710.0	355.0	460.0	386.0	165.0	258.0	29.0	193.0	275.0	263.0	199.0	498.0	200.0	170.0	231.0	81.0	113.0	375.0	15.0	103.0	126.0	211.0	55.0	206.0	215.0	47.0	316.0	184.0	131.0	29.0	289.0	376.0	233.0	195.0	192.0	171.0	260.0	257.0	217.0	143.0	374.0	71.0	244.0	58.0	243.0	152.0	218.0	169.0	431.0	351.0	535.0	333.0	91.0	398.0	455.0	540.0	526.0	200.0	153.0	553.0	399.0	174.0	298.0	272.0	256.0	257.0	319.0	252.0	149.0	522.0	368.0	466.0	112.0	156.0	283.0	278.0	240.0	239.0	317.0	159.0	175.0	171.0	33.0	214.0	61.0	462.0	284.0	216.0	340.0	159.0	408.0	325.0	429.0	360.0	417.0	192.0	337.0	201.0
P-lot(D)	262.0	633.0	70.0	331.0	90.0	563.0	118.0	170.0	105.0	134.0	69.0	344.0	113.0	118.0	128.0	153.0	85.0	378.0	221.0	232.0	9.0	435.0	70.0	10.0	305.0	135.0	537.0	316.0	30.0	607.0	446.0	137.0	24.0	106.0	219.0	26.0	204.0	399.0	253.0	50.0	386.0	40.0	40.0	26.0	173.0	117.0	100.0	133.0	24.0	312.0	106.0	160.0	180.0	168.0	88.0	197.0	450.0	52.0	387.0	403.0	181.0	385.0	142.0	212.0	289.0	418.0	478.0	356.0	158.0	299.0	302.0	412.0	464.0	194.0	160.0	243.0	459.0	340.0	384.0	166.0	187.0	233.0	307.0	241.0	203.0	239.0	292.0	382.0	420.0	380.0	85.0	549.0	302.0	23.0	332.0	217.0	296.0	418.0	386.0	394.0	400.0	376.0	171.0	152.0	405.0	37.0	311.0	77.0	357.0	279.0	490.0	84.0	400.0	332.0	333.0	332.0	228.0	557.0	312.0	359.0	406.0	443.0	253.0	246.0	234.0	281.0	149.0	461.0	253.0	35.0	277.0	541.0	197.0	415.0	318.0	335.0	254.0	292.0	239.0	262.0	350.0	74.0	232.0	385.0	26.0	247.0	137.0	155.0	196.0	250.0	41.0	249.0	302.0	360.0	249.0	14.0	98.0	87.0	701.0	359.0	470.0	396.0	160.0	257.0	26.0	196.0	278.0	261.0	203.0	496.0	213.0	170.0	227.0	82.0	111.0	390.0	14.0	98.0	122.0	220.0	52.0	195.0	218.0	49.0	327.0	186.0	134.0	33.0	296.0	359.0	240.0	197.0	190.0	177.0	256.0	267.0	220.0	148.0	376.0	72.0	244.0	53.0	243.0	154.0	210.0	179.0	425.0	351.0	537.0	344.0	84.0	405.0	455.0	519.0	526.0	197.0	146.0	533.0	396.0	180.0	303.0	282.0	247.0	247.0	323.0	247.0	147.0	528.0	359.0	468.0	113.0	160.0	273.0	285.0	251.0	227.0	311.0	160.0	181.0	170.0	31.0	213.0	55.0	465.0	290.0	211.0	351.0	151.0	402.0	319.0	439.0	365.0	427.0	194.0	328.0	198.0
PBI1(D)	256.0	629.0	66.0	324.0	90.0	570.0	119.0	169.0	103.0	133.0	74.0	357.0	108.0	112.0	133.0	155.0	85.0	387.0	215.0	228.0	8.0	434.0	72.0	12.0	301.0	131.0	530.0	307.0	26.0	605.0	446.0	139.0	25.0	105.0	219.0	25.0	200.0	389.0	256.0	50.0	401.0	41.0	44.0	23.0	179.0	115.0	98.0	136.0	21.0	314.0	102.0	163.0	175.0	160.0	86.0	194.0	456.0	47.0	379.0	394.0	183.0	382.0	146.0	201.0	284.0	411.0	488.0	347.0	151.0	307.0	300.0	406.0	459.0	194.0	159.0	234.0	462.0	341.0	376.0	170.0	187.0	233.0	307.0	241.0	199.0	238.0	293.0	385.0	415.0	389.0	81.0	555.0	301.0	23.0	331.0	217.0	286.0	423.0	380.0	393.0	396.0	378.0	177.0	154.0	402.0	34.0	312.0	72.0	364.0	275.0	496.0	79.0	398.0	330.0	329.0	333.0	237.0	558.0	310.0	364.0	410.0	426.0	244.0	245.0	232.0	277.0	149.0	473.0	250.0	36.0	283.0	531.0	200.0	428.0	311.0	331.0	251.0	296.0	240.0	263.0	339.0	74.0	238.0	380.0	26.0	237.0	136.0	153.0	192.0	259.0	39.0	249.0	306.0	361.0	248.0	14.0	100.0	87.0	700.0	365.0	465.0	391.0	156.0	255.0	32.0	196.0	275.0	256.0	192.0	488.0	206.0	172.0	219.0	75.0	105.0	376.0	15.0	93.0	122.0	213.0	51.0	192.0	217.0	46.0	321.0	182.0	133.0	31.0	293.0	365.0	230.0	200.0	189.0	166.0	258.0	271.0	213.0	144.0	373.0	73.0	253.0	54.0	239.0	149.0	209.0	175.0	411.0	358.0	539.0	338.0	90.0	406.0	451.0	520.0	535.0	194.0	146.0	540.0	395.0	175.0	295.0	272.0	250.0	247.0	319.0	249.0	142.0	532.0	363.0	462.0	113.0	159.0	273.0	285.0	242.0	225.0	312.0	154.0	177.0	169.0	34.0	214.0	58.0	454.0	283.0	212.0	348.0	150.0	412.0	318.0	436.0	367.0	425.0	192.0	340.0	205.0
Troll4(D)	258.0	631.0	65.0	345.0	92.0	558.0	113.0	176.0	102.0	134.0	73.0	348.0	106.0	125.0	131.0	159.0	87.0	381.0	219.0	242.0	10.0	433.0	73.0	11.0	294.0	137.0	530.0	300.0	25.0	605.0	452.0	134.0	28.0	105.0	224.0	26.0	203.0	387.0	257.0	53.0	400.0	41.0	46.0	28.0	178.0	114.0	99.0	138.0	19.0	309.0	103.0	163.0	177.0	160.0	85.0	191.0	458.0	52.0	370.0	402.0	179.0	384.0	142.0	207.0	288.0	410.0	481.0	335.0	159.0	310.0	301.0	405.0	460.0	204.0	158.0	230.0	467.0	344.0	381.0	167.0	191.0	228.0	309.0	244.0	206.0	246.0	302.0	383.0	412.0	385.0	82.0	545.0	298.0	25.0	329.0	220.0	281.0	435.0	378.0	394.0	391.0	371.0	176.0	156.0	397.0	38.0	319.0	78.0	359.0	285.0	499.0	84.0	395.0	327.0	325.0	327.0	245.0	553.0	308.0	364.0	412.0	426.0	252.0	251.0	236.0	278.0	154.0	466.0	247.0	34.0	279.0	543.0	203.0	428.0	313.0	335.0	249.0	294.0	233.0	264.0	338.0	65.0	226.0	379.0	30.0	244.0	133.0	148.0	200.0	251.0	40.0	249.0	299.0	363.0	252.0	13.0	94.0	82.0	707.0	358.0	454.0	387.0	158.0	255.0	28.0	191.0	276.0	262.0	202.0	481.0	205.0	168.0	230.0	77.0	104.0	382.0	14.0	91.0	119.0	222.0	57.0	199.0	226.0	45.0	320.0	184.0	126.0	34.0	302.0	361.0	238.0	201.0	185.0	166.0	251.0	267.0	209.0	144.0	360.0	67.0	247.0	57.0	244.0	149.0	211.0	181.0	417.0	362.0	539.0	342.0	90.0	408.0	448.0	529.0	532.0	191.0	146.0	538.0	399.0	173.0	296.0	267.0	260.0	249.0	319.0	249.0	138.0	533.0	373.0	460.0	113.0	155.0	281.0	285.0	243.0	230.0	312.0	154.0	180.0	168.0	32.0	208.0	59.0	464.0	293.0	219.0	351.0	149.0	405.0	323.0	427.0	375.0	420.0	193.0	338.0	208.0
244(E)	232.0	580.0	66.0	332.0	92.0	725.0	74.0	206.0	131.0	263.0	67.0	233.0	110.0	82.0	149.0	140.0	127.0	424.0	314.0	143.0	30.0	465.0	56.0	21.0	362.0	142.0	516.0	295.0	24.0	526.0	492.0	148.0	46.0	74.0	328.0	36.0	169.0	397.0	533.0	40.0	451.0	49.0	72.0	34.0	250.0	64.0	144.0	138.0	26.0	202.0	130.0	260.0	276.0	185.0	122.0	259.0	400.0	51.0	347.0	339.0	275.0	324.0	213.0	160.0	256.0	494.0	421.0	405.0	225.0	472.0	400.0	651.0	526.0	162.0	170.0	251.0	347.0	385.0	375.0	133.0	265.0	255.0	333.0	374.0	217.0	254.0	420.0	385.0	535.0	336.0	58.0	571.0	355.0	59.0	287.0	144.0	491.0	557.0	463.0	678.0	376.0	915.0	215.0	239.0	408.0	55.0	321.0	80.0	243.0	628.0	442.0	162.0	356.0	516.0	353.0	325.0	525.0	543.0	372.0	524.0	489.0	424.0	281.0	439.0	273.0	598.0	107.0	265.0	288.0	50.0	162.0	854.0	269.0	753.0	262.0	269.0	258.0	436.0	404.0	248.0	290.0	51.0	179.0	385.0	48.0	279.0	121.0	213.0	165.0	180.0	38.0	195.0	323.0	564.0	184.0	23.0	73.0	82.0	641.0	410.0	422.0	489.0	108.0	241.0	29.0	254.0	318.0	288.0	157.0	673.0	193.0	283.0	314.0	77.0	68.0	498.0	12.0	59.0	85.0	163.0	52.0	126.0	218.0	32.0	523.0	163.0	139.0	38.0	302.0	486.0	376.0	175.0	392.0	326.0	189.0	324.0	448.0	217.0	482.0	66.0	251.0	61.0	422.0	194.0	241.0	165.0	466.0	253.0	732.0	327.0	99.0	368.0	430.0	550.0	419.0	146.0	168.0	579.0	332.0	128.0	435.0	355.0	212.0	223.0	320.0	205.0	328.0	757.0	361.0	410.0	115.0	462.0	294.0	411.0	209.0	223.0	304.0	127.0	154.0	230.0	32.0	267.0	74.0	629.0	352.0	356.0	442.0	133.0	507.0	434.0	764.0	407.0	888.0	342.0	353.0	387.0
Cjw1(E)	223.0	587.0	67.0	345.0	89.0	736.0	75.0	214.0	124.0	270.0	67.0	231.0	107.0	79.0	154.0	139.0	135.0	439.0	329.0	149.0	31.0	490.0	54.0	19.0	368.0	139.0	527.0	304.0	21.0	542.0	502.0	151.0	45.0	75.0	350.0	34.0	184.0	407.0	538.0	35.0	461.0	41.0	78.0	30.0	245.0	66.0	147.0	139.0	23.0	199.0	129.0	275.0	284.0	182.0	125.0	264.0	402.0	57.0	356.0	337.0	281.0	321.0	224.0	162.0	268.0	507.0	426.0	431.0	237.0	483.0	413.0	658.0	553.0	159.0	171.0	249.0	351.0	397.0	372.0	135.0	274.0	252.0	345.0	389.0	218.0	261.0	430.0	388.0	551.0	344.0	50.0	609.0	370.0	65.0	288.0	143.0	509.0	587.0	484.0	678.0	391.0	936.0	209.0	233.0	421.0	57.0	329.0	82.0	256.0	645.0	462.0	168.0	367.0	529.0	353.0	337.0	537.0	539.0	382.0	538.0	497.0	445.0	280.0	453.0	266.0	632.0	102.0	268.0	304.0	53.0	171.0	871.0	284.0	785.0	255.0	275.0	252.0	450.0	416.0	256.0	290.0	46.0	188.0	385.0	41.0	278.0	124.0	218.0	174.0	181.0	37.0	200.0	318.0	583.0	185.0	19.0	71.0	79.0	650.0	409.0	429.0	487.0	106.0	237.0	28.0	260.0	340.0	289.0	162.0	670.0	182.0	274.0	320.0	81.0	61.0	521.0	12.0	59.0	85.0	163.0	50.0	129.0	219.0	32.0	538.0	163.0	154.0	39.0	305.0	497.0	378.0	175.0	402.0	328.0	194.0	325.0	474.0	223.0	503.0	58.0	255.0	65.0	424.0	193.0	236.0	156.0	466.0	258.0	732.0	333.0	104.0	370.0	437.0	558.0	420.0	154.0	160.0	591.0	340.0	123.0	447.0	365.0	204.0	232.0	317.0	209.0	341.0	780.0	371.0	418.0	116.0	495.0	292.0	418.0	210.0	223.0	312.0	130.0	157.0	226.0	30.0	269.0	77.0	652.0	349.0	357.0	463.0	133.0	507.0	445.0	780.0	422.0	936.0	355.0	358.0	395.0
Kostya(E)	242.0	573.0	66.0	342.0	86.0	714.0	72.0	221.0	128.0	268.0	67.0	250.0	110.0	87.0	166.0	143.0	138.0	424.0	339.0	156.0	25.0	477.0	55.0	20.0	378.0	142.0	526.0	297.0	27.0	526.0	494.0	165.0	45.0	64.0	324.0	44.0	188.0	400.0	530.0	36.0	457.0	47.0	79.0	29.0	253.0	65.0	146.0	145.0	26.0	209.0	129.0	252.0	285.0	184.0	131.0	269.0	396.0	57.0	362.0	339.0	273.0	325.0	229.0	172.0	273.0	512.0	417.0	441.0	232.0	456.0	424.0	626.0	525.0	167.0	173.0	250.0	357.0	360.0	348.0	139.0	264.0	248.0	352.0	388.0	229.0	260.0	385.0	391.0	536.0	359.0	56.0	568.0	363.0	65.0	289.0	151.0	515.0	584.0	480.0	693.0	401.0	920.0	218.0	230.0	413.0	55.0	317.0	87.0	254.0	611.0	457.0	154.0	362.0	533.0	348.0	324.0	515.0	550.0	394.0	542.0	484.0	469.0	292.0	436.0	265.0	621.0	113.0	300.0	299.0	57.0	159.0	862.0	261.0	747.0	267.0	278.0	262.0	450.0	405.0	257.0	293.0	57.0	185.0	395.0	50.0	277.0	151.0	223.0	171.0	200.0	36.0	198.0	326.0	565.0	206.0	20.0	85.0	83.0	632.0	406.0	440.0	468.0	112.0	239.0	33.0	278.0	311.0	289.0	170.0	676.0	195.0	275.0	306.0	87.0	60.0	519.0	12.0	67.0	93.0	157.0	52.0	142.0	221.0	37.0	536.0	163.0	157.0	35.0	307.0	510.0	372.0	192.0	394.0	320.0	194.0	333.0	455.0	224.0	499.0	72.0	248.0	59.0	406.0	188.0	245.0	168.0	464.0	261.0	759.0	350.0	107.0	357.0	416.0	551.0	434.0	164.0	179.0	578.0	349.0	139.0	443.0	354.0	205.0	242.0	331.0	212.0	332.0	794.0	367.0	427.0	114.0	475.0	299.0	421.0	224.0	206.0	323.0	134.0	158.0	229.0	36.0	265.0	69.0	609.0	351.0	354.0	450.0	152.0	510.0	451.0	801.0	428.0	936.0	337.0	360.0	367.0
Porky(E)	237.0	583.0	68.0	344.0	90.0	732.0	75.0	206.0	133.0	265.0	62.0	247.0	109.0	77.0	155.0	137.0	136.0	437.0	331.0	156.0	31.0	485.0	52.0	24.0	377.0	142.0	519.0	307.0	23.0	534.0	515.0	168.0	49.0	78.0	344.0	50.0	192.0	419.0	540.0	38.0	442.0	46.0	80.0	28.0	255.0	78.0	147.0	148.0	28.0	215.0	128.0	265.0	285.0	192.0	128.0	260.0	401.0	63.0	354.0	341.0	278.0	325.0	229.0	159.0	269.0	500.0	431.0	433.0	221.0	483.0	414.0	643.0	532.0	160.0	181.0	255.0	343.0	383.0	381.0	133.0	264.0	262.0	335.0	395.0	235.0	253.0	422.0	392.0	541.0	354.0	62.0	590.0	362.0	60.0	286.0	146.0	495.0	575.0	477.0	685.0	389.0	930.0	217.0	235.0	422.0	62.0	332.0	102.0	249.0	629.0	454.0	160.0	369.0	527.0	349.0	335.0	528.0	543.0	391.0	540.0	503.0	441.0	282.0	444.0	266.0	600.0	96.0	292.0	296.0	56.0	176.0	872.0	280.0	775.0	262.0	279.0	263.0	446.0	420.0	251.0	291.0	50.0	188.0	391.0	41.0	284.0	132.0	225.0	176.0	196.0	33.0	207.0	326.0	594.0	191.0	20.0	86.0	82.0	646.0	419.0	428.0	508.0	106.0	240.0	31.0	273.0	319.0	295.0	173.0	665.0	198.0	282.0	324.0	84.0	63.0	519.0	14.0	60.0	89.0	165.0	58.0	140.0	223.0	30.0	531.0	177.0	145.0	39.0	306.0	504.0	388.0	168.0	396.0	334.0	202.0	342.0	458.0	223.0	482.0	67.0	270.0	71.0	422.0	196.0	243.0	160.0	467.0	262.0	737.0	329.0	94.0	376.0	431.0	547.0	421.0	161.0	174.0	587.0	351.0	130.0	460.0	358.0	221.0	234.0	334.0	211.0	335.0	795.0	371.0	425.0	112.0	468.0	312.0	420.0	209.0	228.0	321.0	136.0	159.0	243.0	38.0	273.0	81.0	633.0	368.0	350.0	478.0	144.0	528.0	436.0	797.0	426.0	895.0	340.0	363.0	393.0
Boomer(F1)	165.0	282.0	42.0	427.0	62.0	480.0	135.0	135.0	71.0	142.0	101.0	342.0	224.0	122.0	314.0	158.0	67.0	283.0	294.0	153.0	10.0	313.0	53.0	13.0	367.0	217.0	345.0	198.0	33.0	458.0	192.0	93.0	35.0	85.0	154.0	26.0	130.0	233.0	327.0	39.0	229.0	28.0	52.0	26.0	228.0	69.0	93.0	85.0	18.0	201.0	97.0	175.0	133.0	305.0	74.0	255.0	205.0	32.0	358.0	231.0	220.0	157.0	178.0	280.0	280.0	523.0	350.0	361.0	126.0	345.0	462.0	347.0	339.0	278.0	151.0	168.0	193.0	258.0	208.0	200.0	171.0	182.0	316.0	265.0	195.0	202.0	180.0	245.0	345.0	362.0	84.0	489.0	285.0	29.0	266.0	136.0	310.0	251.0	484.0	604.0	334.0	572.0	173.0	82.0	371.0	36.0	226.0	42.0	170.0	189.0	273.0	87.0	262.0	317.0	277.0	324.0	164.0	426.0	334.0	346.0	345.0	408.0	358.0	169.0	309.0	473.0	240.0	386.0	287.0	28.0	133.0	595.0	265.0	457.0	216.0	231.0	170.0	426.0	209.0	139.0	167.0	89.0	100.0	274.0	34.0	338.0	118.0	89.0	147.0	292.0	26.0	147.0	340.0	406.0	251.0	27.0	134.0	145.0	224.0	299.0	369.0	378.0	165.0	240.0	69.0	222.0	318.0	248.0	104.0	617.0	203.0	255.0	166.0	37.0	106.0	256.0	20.0	76.0	113.0	129.0	31.0	140.0	162.0	44.0	353.0	143.0	125.0	35.0	414.0	443.0	195.0	408.0	225.0	301.0	235.0	307.0	325.0	125.0	320.0	160.0	260.0	57.0	220.0	178.0	178.0	144.0	617.0	196.0	651.0	208.0	176.0	253.0	282.0	446.0	238.0	207.0	184.0	409.0	127.0	247.0	265.0	217.0	208.0	230.0	263.0	198.0	145.0	442.0	214.0	390.0	85.0	259.0	264.0	305.0	186.0	199.0	358.0	160.0	105.0	147.0	21.0	175.0	50.0	336.0	253.0	141.0	286.0	99.0	393.0	169.0	514.0	300.0	528.0	200.0	358.0	176.0
Che8(F1)	168.0	298.0	59.0	422.0	68.0	468.0	116.0	161.0	85.0	168.0	106.0	354.0	208.0	136.0	323.0	169.0	65.0	290.0	289.0	165.0	13.0	301.0	53.0	14.0	380.0	226.0	348.0	183.0	31.0	459.0	190.0	86.0	28.0	64.0	145.0	26.0	146.0	239.0	339.0	31.0	231.0	36.0	63.0	21.0	243.0	80.0	95.0	90.0	17.0	221.0	100.0	179.0	137.0	298.0	72.0	237.0	214.0	41.0	372.0	232.0	243.0	163.0	175.0	288.0	280.0	543.0	330.0	338.0	151.0	341.0	459.0	358.0	329.0	291.0	154.0	194.0	212.0	243.0	200.0	184.0	178.0	191.0	314.0	273.0	206.0	230.0	162.0	272.0	352.0	389.0	72.0	461.0	283.0	31.0	284.0	121.0	331.0	258.0	524.0	605.0	366.0	616.0	189.0	77.0	366.0	39.0	228.0	41.0	190.0	224.0	278.0	96.0	263.0	336.0	283.0	305.0	175.0	417.0	367.0	376.0	373.0	384.0	346.0	177.0	324.0	462.0	254.0	389.0	281.0	34.0	162.0	610.0	295.0	494.0	207.0	232.0	166.0	413.0	197.0	173.0	190.0	101.0	88.0	319.0	36.0	302.0	108.0	112.0	155.0	302.0	24.0	119.0	375.0	464.0	259.0	21.0	137.0	161.0	240.0	293.0	375.0	375.0	165.0	249.0	66.0	223.0	321.0	243.0	83.0	655.0	206.0	278.0	173.0	46.0	97.0	281.0	15.0	80.0	104.0	110.0	31.0	146.0	172.0	42.0	376.0	139.0	121.0	44.0	421.0	453.0	218.0	417.0	235.0	296.0	237.0	315.0	308.0	138.0	355.0	162.0	255.0	56.0	215.0	178.0	212.0	122.0	596.0	193.0	675.0	206.0	183.0	290.0	304.0	453.0	255.0	216.0	179.0	398.0	117.0	247.0	257.0	223.0	207.0	229.0	247.0	203.0	175.0	482.0	217.0	386.0	75.0	261.0	285.0	311.0	172.0	217.0	373.0	185.0	104.0	138.0	22.0	165.0	31.0	344.0	236.0	166.0	298.0	116.0	431.0	191.0	510.0	301.0	572.0	221.0	393.0	180.0
Fruitloop(F1)	171.0	341.0	48.0	393.0	57.0	534.0	131.0	137.0	73.0	138.0	66.0	377.0	182.0	125.0	289.0	164.0	50.0	314.0	290.0	137.0	16.0	337.0	52.0	9.0	354.0	200.0	321.0	195.0	39.0	503.0	191.0	67.0	31.0	88.0	144.0	39.0	127.0	227.0	315.0	37.0	244.0	28.0	50.0	22.0	239.0	76.0	84.0	104.0	17.0	185.0	96.0	183.0	130.0	288.0	74.0	207.0	207.0	30.0	383.0	218.0	227.0	159.0	159.0	286.0	288.0	557.0	350.0	373.0	118.0	364.0	487.0	374.0	324.0	283.0	124.0	174.0	213.0	279.0	190.0	191.0	206.0	180.0	317.0	281.0	197.0	205.0	179.0	259.0	367.0	372.0	97.0	515.0	267.0	24.0	254.0	130.0	317.0	250.0	509.0	629.0	316.0	561.0	162.0	84.0	348.0	35.0	237.0	50.0	169.0	199.0	295.0	106.0	272.0	302.0	298.0	333.0	162.0	444.0	342.0	351.0	381.0	407.0	323.0	163.0	273.0	460.0	234.0	386.0	276.0	26.0	140.0	616.0	279.0	506.0	189.0	233.0	180.0	423.0	207.0	154.0	181.0	89.0	85.0	292.0	29.0	336.0	117.0	85.0	135.0	290.0	29.0	129.0	331.0	451.0	250.0	26.0	135.0	155.0	228.0	298.0	374.0	338.0	142.0	237.0	70.0	184.0	322.0	225.0	99.0	631.0	200.0	299.0	172.0	22.0	97.0	277.0	19.0	77.0	104.0	124.0	32.0	132.0	166.0	64.0	352.0	131.0	96.0	36.0	401.0	473.0	200.0	382.0	214.0	266.0	213.0	290.0	309.0	134.0	359.0	156.0	235.0	71.0	228.0	155.0	208.0	155.0	590.0	211.0	728.0	200.0	191.0	252.0	306.0	484.0	246.0	207.0	165.0	414.0	146.0	222.0	292.0	216.0	192.0	246.0	249.0	179.0	138.0	487.0	201.0	430.0	70.0	282.0	268.0	320.0	173.0	204.0	342.0	161.0	112.0	147.0	25.0	189.0	47.0	334.0	247.0	162.0	291.0	93.0	406.0	172.0	555.0	302.0	519.0	188.0	388.0	166.0
Llij(F1)	162.0	295.0	58.0	374.0	64.0	495.0	113.0	126.0	65.0	151.0	89.0	335.0	194.0	123.0	304.0	166.0	66.0	277.0	300.0	132.0	15.0	299.0	53.0	19.0	359.0	206.0	340.0	190.0	30.0	455.0	184.0	79.0	29.0	70.0	129.0	34.0	124.0	234.0	309.0	37.0	233.0	33.0	61.0	22.0	216.0	71.0	77.0	107.0	20.0	179.0	99.0	163.0	110.0	302.0	73.0	237.0	205.0	34.0	350.0	219.0	226.0	178.0	151.0	289.0	298.0	541.0	317.0	340.0	123.0	336.0	468.0	341.0	326.0	273.0	131.0	187.0	206.0	256.0	202.0	181.0	191.0	174.0	313.0	248.0	204.0	210.0	140.0	252.0	338.0	367.0	85.0	473.0	277.0	33.0	277.0	134.0	306.0	268.0	505.0	596.0	326.0	551.0	157.0	75.0	328.0	39.0	219.0	41.0	175.0	177.0	272.0	81.0	268.0	320.0	286.0	331.0	160.0	412.0	333.0	355.0	343.0	389.0	330.0	153.0	287.0	474.0	235.0	361.0	259.0	36.0	147.0	572.0	257.0	450.0	194.0	218.0	171.0	436.0	205.0	148.0	190.0	81.0	106.0	280.0	30.0	331.0	109.0	65.0	138.0	282.0	22.0	135.0	359.0	444.0	242.0	23.0	131.0	147.0	229.0	267.0	364.0	366.0	153.0	227.0	74.0	196.0	312.0	239.0	85.0	591.0	204.0	316.0	166.0	26.0	93.0	269.0	14.0	63.0	99.0	115.0	29.0	131.0	146.0	37.0	331.0	118.0	124.0	45.0	412.0	436.0	200.0	391.0	216.0	290.0	209.0	297.0	311.0	109.0	374.0	159.0	249.0	61.0	199.0	184.0	195.0	139.0	597.0	199.0	679.0	193.0	176.0	253.0	293.0	429.0	230.0	202.0	160.0	384.0	117.0	227.0	263.0	192.0	201.0	211.0	254.0	191.0	139.0	443.0	203.0	410.0	80.0	279.0	278.0	281.0	172.0	209.0	345.0	158.0	99.0	143.0	27.0	168.0	42.0	324.0	233.0	162.0	266.0	106.0	386.0	177.0	531.0	276.0	506.0	188.0	387.0	178.0
Pacc40(F1)	155.0	291.0	52.0	418.0	79.0	518.0	107.0	150.0	64.0	172.0	90.0	342.0	214.0	127.0	308.0	168.0	64.0	275.0	320.0	144.0	9.0	329.0	49.0	17.0	363.0	214.0	340.0	193.0	42.0	452.0	171.0	86.0	36.0	83.0	149.0	33.0	128.0	263.0	317.0	35.0	241.0	41.0	57.0	27.0	227.0	70.0	79.0	78.0	13.0	193.0	99.0	175.0	122.0	322.0	68.0	221.0	205.0	34.0	357.0	222.0	228.0	170.0	151.0	278.0	289.0	533.0	344.0	355.0	148.0	359.0	434.0	368.0	359.0	271.0	120.0	183.0	207.0	241.0	199.0	176.0	188.0	185.0	316.0	280.0	207.0	188.0	174.0	279.0	368.0	390.0	83.0	474.0	250.0	34.0	267.0	149.0	307.0	261.0	501.0	632.0	341.0	525.0	176.0	87.0	364.0	37.0	241.0	44.0	179.0	210.0	290.0	87.0	268.0	313.0	291.0	338.0	161.0	405.0	355.0	334.0	368.0	402.0	330.0	178.0	304.0	468.0	239.0	380.0	274.0	25.0	146.0	660.0	295.0	494.0	228.0	223.0	184.0	443.0	198.0	158.0	172.0	85.0	99.0	290.0	33.0	322.0	109.0	74.0	150.0	297.0	25.0	138.0	344.0	460.0	252.0	22.0	131.0	147.0	237.0	296.0	380.0	417.0	179.0	234.0	73.0	204.0	304.0	249.0	105.0	603.0	205.0	271.0	170.0	41.0	94.0	269.0	16.0	75.0	99.0	125.0	35.0	140.0	169.0	50.0	344.0	136.0	122.0	46.0	399.0	429.0	214.0	438.0	231.0	303.0	239.0	329.0	319.0	119.0	378.0	154.0	264.0	61.0	225.0	180.0	196.0	122.0	591.0	211.0	689.0	189.0	181.0	264.0	283.0	457.0	242.0	226.0	167.0	383.0	134.0	256.0	250.0	217.0	221.0	214.0	256.0	193.0	142.0	455.0	248.0	400.0	54.0	253.0	277.0	287.0	187.0	235.0	362.0	157.0	100.0	135.0	24.0	196.0	53.0	373.0	224.0	152.0	242.0	102.0	395.0	151.0	516.0	272.0	515.0	201.0	378.0	196.0
PMC(F1)	153.0	273.0	45.0	409.0	66.0	471.0	117.0	125.0	70.0	147.0	102.0	341.0	212.0	118.0	301.0	163.0	66.0	272.0	289.0	151.0	10.0	314.0	52.0	14.0	367.0	216.0	339.0	189.0	26.0	453.0	173.0	82.0	30.0	79.0	132.0	28.0	122.0	251.0	344.0	39.0	235.0	27.0	54.0	24.0	225.0	68.0	83.0	91.0	18.0	182.0	99.0	173.0	115.0	290.0	74.0	232.0	198.0	29.0	350.0	222.0	213.0	151.0	165.0	272.0	277.0	526.0	333.0	339.0	133.0	342.0	463.0	337.0	331.0	277.0	126.0	179.0	188.0	240.0	192.0	181.0	178.0	167.0	302.0	254.0	190.0	193.0	152.0	256.0	348.0	354.0	84.0	455.0	258.0	29.0	285.0	139.0	301.0	263.0	487.0	603.0	320.0	584.0	166.0	69.0	347.0	36.0	227.0	38.0	182.0	181.0	271.0	90.0	252.0	307.0	268.0	322.0	156.0	406.0	350.0	343.0	348.0	381.0	324.0	153.0	287.0	474.0	243.0	369.0	263.0	30.0	136.0	565.0	276.0	476.0	207.0	219.0	178.0	435.0	214.0	144.0	172.0	84.0	102.0	275.0	34.0	321.0	104.0	82.0	132.0	287.0	19.0	134.0	347.0	435.0	226.0	20.0	130.0	149.0	220.0	309.0	371.0	387.0	156.0	221.0	75.0	207.0	308.0	237.0	90.0	612.0	200.0	286.0	154.0	27.0	96.0	252.0	17.0	68.0	103.0	121.0	36.0	141.0	145.0	34.0	342.0	126.0	111.0	40.0	391.0	434.0	184.0	409.0	229.0	312.0	226.0	310.0	319.0	107.0	342.0	157.0	273.0	58.0	219.0	172.0	177.0	132.0	602.0	181.0	633.0	198.0	176.0	266.0	272.0	447.0	233.0	211.0	168.0	396.0	119.0	233.0	240.0	206.0	209.0	206.0	247.0	187.0	134.0	442.0	203.0	366.0	80.0	269.0	273.0	285.0	182.0	220.0	333.0	155.0	95.0	146.0	23.0	177.0	39.0	339.0	226.0	141.0	272.0	97.0	389.0	158.0	526.0	286.0	521.0	194.0	368.0	184.0
Ramsey(F1)	162.0	300.0	48.0	403.0	71.0	500.0	114.0	141.0	65.0	154.0	101.0	341.0	216.0	123.0	315.0	185.0	73.0	287.0	292.0	127.0	11.0	293.0	51.0	22.0	364.0	220.0	353.0	185.0	36.0	479.0	182.0	104.0	30.0	85.0	139.0	32.0	137.0	226.0	313.0	45.0	232.0	40.0	55.0	28.0	249.0	78.0	85.0	102.0	14.0	201.0	91.0	167.0	129.0	299.0	63.0	239.0	207.0	35.0	367.0	231.0	220.0	171.0	160.0	287.0	296.0	515.0	335.0	366.0	128.0	355.0	469.0	330.0	376.0	287.0	142.0	181.0	201.0	258.0	208.0	187.0	183.0	201.0	322.0	260.0	198.0	201.0	166.0	252.0	354.0	387.0	87.0	470.0	264.0	29.0	271.0	139.0	301.0	248.0	489.0	599.0	338.0	576.0	196.0	78.0	372.0	38.0	227.0	52.0	165.0	191.0	295.0	88.0	266.0	306.0	294.0	329.0	157.0	421.0	331.0	366.0	342.0	433.0	340.0	157.0	318.0	462.0	236.0	386.0	292.0	32.0	147.0	608.0	246.0	446.0	201.0	250.0	179.0	432.0	200.0	142.0	175.0	83.0	91.0	272.0	37.0	330.0	105.0	68.0	155.0	312.0	23.0	145.0	358.0	417.0	249.0	20.0	126.0	150.0	221.0	283.0	379.0	388.0	162.0	238.0	65.0	215.0	324.0	268.0	105.0	626.0	214.0	252.0	181.0	33.0	100.0	278.0	23.0	74.0	102.0	126.0	26.0	132.0	192.0	44.0	368.0	147.0	110.0	49.0	415.0	461.0	227.0	418.0	232.0	296.0	226.0	322.0	319.0	129.0	363.0	153.0	249.0	60.0	219.0	179.0	192.0	144.0	603.0	230.0	678.0	204.0	180.0	233.0	301.0	457.0	223.0	214.0	182.0	409.0	134.0	244.0	278.0	201.0	201.0	230.0	253.0	209.0	138.0	449.0	241.0	410.0	77.0	268.0	274.0	305.0	165.0	195.0	369.0	169.0	100.0	142.0	28.0	179.0	56.0	374.0	234.0	149.0	293.0	102.0	404.0	167.0	536.0	309.0	524.0	181.0	385.0	178.0
Tweety(F1)	171.0	305.0	53.0	400.0	69.0	525.0	131.0	151.0	75.0	141.0	72.0	348.0	195.0	124.0	304.0	146.0	73.0	302.0	299.0	135.0	13.0	325.0	56.0	15.0	347.0	210.0	323.0	196.0	47.0	503.0	184.0	65.0	30.0	84.0	149.0	39.0	131.0	221.0	325.0	32.0	231.0	36.0	48.0	27.0	236.0	63.0	95.0	106.0	17.0	190.0	99.0	172.0	124.0	289.0	67.0	238.0	226.0	30.0	359.0	206.0	223.0	166.0	166.0	277.0	289.0	536.0	329.0	377.0	114.0	335.0	470.0	364.0	342.0	278.0	132.0	218.0	222.0	277.0	181.0	186.0	206.0	198.0	294.0	266.0	202.0	202.0	159.0	271.0	351.0	349.0	88.0	505.0	273.0	38.0	246.0	130.0	339.0	238.0	499.0	611.0	322.0	627.0	174.0	82.0	367.0	37.0	240.0	51.0	190.0	199.0	301.0	91.0	270.0	292.0	323.0	338.0	173.0	425.0	359.0	335.0	377.0	399.0	314.0	149.0	281.0	486.0	229.0	388.0	258.0	29.0	157.0	596.0	275.0	497.0	196.0	234.0	172.0	419.0	191.0	163.0	188.0	91.0	97.0	345.0	30.0	351.0	110.0	89.0	141.0	291.0	28.0	133.0	333.0	454.0	239.0	25.0	146.0	150.0	229.0	274.0	420.0	348.0	151.0	255.0	66.0	181.0	320.0	247.0	95.0	675.0	210.0	280.0	169.0	28.0	102.0	258.0	14.0	71.0	111.0	124.0	31.0	133.0	180.0	54.0	329.0	131.0	121.0	49.0	360.0	450.0	201.0	400.0	208.0	271.0	207.0	291.0	311.0	125.0	357.0	159.0	267.0	71.0	223.0	169.0	187.0	169.0	582.0	200.0	679.0	210.0	160.0	297.0	329.0	471.0	290.0	218.0	185.0	418.0	141.0	228.0	278.0	229.0	185.0	223.0	254.0	193.0	121.0	502.0	225.0	401.0	74.0	282.0	262.0	288.0	183.0	217.0	344.0	157.0	105.0	143.0	29.0	180.0	52.0	348.0	235.0	171.0	279.0	102.0	469.0	183.0	527.0	281.0	565.0	186.0	374.0	185.0
Che9d(F2)	176.0	273.0	40.0	419.0	67.0	440.0	99.0	151.0	73.0	167.0	93.0	307.0	181.0	120.0	237.0	148.0	37.0	253.0	269.0	167.0	15.0	325.0	38.0	13.0	373.0	208.0	380.0	193.0	29.0	437.0	206.0	80.0	25.0	65.0	180.0	28.0	144.0	222.0	357.0	46.0	257.0	45.0	42.0	15.0	228.0	77.0	94.0	109.0	12.0	200.0	75.0	165.0	153.0	274.0	68.0	211.0	220.0	34.0	376.0	239.0	220.0	177.0	160.0	262.0	282.0	473.0	304.0	330.0	139.0	337.0	405.0	315.0	334.0	294.0	153.0	191.0	226.0	240.0	205.0	154.0	173.0	168.0	280.0	283.0	202.0	184.0	201.0	272.0	305.0	332.0	75.0	440.0	269.0	18.0	300.0	125.0	304.0	304.0	480.0	532.0	311.0	563.0	176.0	91.0	371.0	31.0	260.0	36.0	200.0	224.0	302.0	74.0	270.0	295.0	280.0	324.0	189.0	373.0	326.0	322.0	386.0	395.0	298.0	171.0	297.0	397.0	214.0	429.0	234.0	29.0	162.0	587.0	270.0	516.0	220.0	256.0	176.0	376.0	165.0	168.0	181.0	77.0	96.0	268.0	36.0	341.0	118.0	90.0	146.0	277.0	29.0	154.0	311.0	439.0	252.0	25.0	130.0	134.0	230.0	290.0	357.0	400.0	145.0	254.0	60.0	228.0	257.0	205.0	103.0	573.0	176.0	273.0	198.0	44.0	82.0	269.0	9.0	62.0	96.0	125.0	26.0	154.0	182.0	49.0	319.0	148.0	90.0	24.0	341.0	417.0	209.0	367.0	222.0	284.0	236.0	316.0	296.0	147.0	308.0	141.0	242.0	71.0	189.0	160.0	206.0	112.0	582.0	207.0	589.0	246.0	158.0	221.0	294.0	409.0	198.0	205.0	162.0	387.0	101.0	242.0	281.0	235.0	195.0	220.0	219.0	220.0	168.0	346.0	231.0	340.0	67.0	276.0	249.0	265.0	159.0	222.0	322.0	153.0	98.0	109.0	17.0	170.0	54.0	362.0	219.0	156.0	276.0	123.0	346.0	202.0	397.0	312.0	542.0	200.0	351.0	187.0
BPs(G)	76.0	366.0	32.0	455.0	50.0	750.0	37.0	58.0	26.0	102.0	36.0	331.0	87.0	41.0	93.0	67.0	29.0	298.0	251.0	103.0	1.0	249.0	37.0	8.0	272.0	122.0	358.0	79.0	8.0	391.0	318.0	58.0	12.0	40.0	61.0	6.0	57.0	106.0	152.0	32.0	188.0	15.0	27.0	9.0	120.0	19.0	36.0	72.0	8.0	161.0	53.0	78.0	88.0	183.0	54.0	104.0	196.0	7.0	331.0	172.0	215.0	176.0	76.0	62.0	132.0	184.0	353.0	361.0	91.0	310.0	171.0	463.0	297.0	75.0	89.0	97.0	135.0	211.0	116.0	151.0	132.0	86.0	241.0	147.0	113.0	155.0	106.0	178.0	332.0	166.0	44.0	611.0	179.0	8.0	193.0	99.0	130.0	136.0	700.0	439.0	223.0	531.0	81.0	19.0	305.0	16.0	205.0	12.0	112.0	95.0	234.0	40.0	205.0	158.0	156.0	139.0	68.0	283.0	116.0	328.0	507.0	351.0	133.0	73.0	129.0	295.0	87.0	379.0	198.0	7.0	73.0	1064.0	183.0	334.0	103.0	105.0	106.0	234.0	151.0	112.0	117.0	23.0	50.0	66.0	7.0	71.0	44.0	51.0	148.0	184.0	23.0	95.0	309.0	439.0	130.0	6.0	52.0	25.0	221.0	211.0	250.0	217.0	47.0	70.0	25.0	90.0	142.0	103.0	64.0	931.0	116.0	59.0	80.0	25.0	29.0	354.0	9.0	40.0	66.0	127.0	15.0	58.0	72.0	13.0	437.0	42.0	68.0	17.0	278.0	484.0	91.0	89.0	176.0	183.0	111.0	242.0	166.0	100.0	289.0	46.0	110.0	14.0	113.0	67.0	73.0	61.0	115.0	152.0	882.0	139.0	32.0	189.0	160.0	502.0	240.0	23.0	78.0	296.0	178.0	67.0	192.0	70.0	99.0	101.0	124.0	128.0	40.0	748.0	224.0	540.0	32.0	85.0	133.0	248.0	102.0	122.0	169.0	65.0	54.0	80.0	8.0	138.0	22.0	142.0	136.0	86.0	313.0	49.0	324.0	120.0	796.0	319.0	535.0	109.0	285.0	90.0
Halo(G)	82.0	376.0	29.0	460.0	51.0	749.0	36.0	58.0	27.0	103.0	36.0	337.0	92.0	38.0	90.0	65.0	26.0	304.0	255.0	108.0	1.0	251.0	42.0	9.0	288.0	125.0	358.0	79.0	7.0	391.0	324.0	62.0	11.0	41.0	63.0	8.0	57.0	108.0	151.0	32.0	190.0	15.0	26.0	5.0	123.0	19.0	35.0	67.0	9.0	164.0	51.0	82.0	92.0	185.0	50.0	102.0	198.0	6.0	338.0	168.0	216.0	179.0	64.0	60.0	135.0	186.0	351.0	376.0	88.0	317.0	182.0	481.0	299.0	74.0	90.0	99.0	130.0	212.0	118.0	145.0	134.0	85.0	242.0	144.0	107.0	149.0	109.0	175.0	330.0	165.0	43.0	614.0	172.0	8.0	203.0	95.0	137.0	132.0	707.0	442.0	221.0	555.0	84.0	21.0	312.0	14.0	217.0	12.0	111.0	96.0	230.0	40.0	205.0	160.0	159.0	142.0	71.0	283.0	113.0	330.0	513.0	364.0	139.0	74.0	129.0	308.0	81.0	382.0	199.0	7.0	73.0	1070.0	175.0	334.0	104.0	100.0	108.0	240.0	149.0	114.0	124.0	24.0	46.0	63.0	6.0	69.0	45.0	54.0	142.0	176.0	22.0	92.0	310.0	448.0	130.0	7.0	47.0	26.0	222.0	214.0	252.0	219.0	51.0	63.0	25.0	92.0	139.0	104.0	61.0	953.0	118.0	61.0	80.0	23.0	26.0	360.0	10.0	42.0	66.0	130.0	15.0	61.0	69.0	15.0	445.0	37.0	66.0	20.0	279.0	492.0	95.0	79.0	184.0	194.0	109.0	251.0	163.0	102.0	300.0	43.0	112.0	13.0	120.0	71.0	73.0	61.0	122.0	153.0	880.0	137.0	27.0	182.0	155.0	516.0	241.0	24.0	74.0	306.0	179.0	62.0	202.0	69.0	101.0	99.0	123.0	130.0	38.0	753.0	223.0	542.0	33.0	89.0	130.0	255.0	102.0	121.0	169.0	64.0	55.0	86.0	10.0	140.0	24.0	146.0	135.0	85.0	320.0	50.0	329.0	120.0	816.0	324.0	549.0	115.0	284.0	97.0
Konstantine(H1)	171.0	388.0	62.0	752.0	250.0	498.0	100.0	140.0	74.0	143.0	330.0	483.0	272.0	292.0	290.0	164.0	70.0	325.0	306.0	358.0	28.0	429.0	89.0	40.0	424.0	483.0	472.0	266.0	63.0	352.0	287.0	127.0	44.0	95.0	168.0	47.0	191.0	275.0	177.0	84.0	197.0	59.0	56.0	33.0	181.0	61.0	161.0	140.0	38.0	276.0	98.0	198.0	228.0	324.0	100.0	189.0	331.0	56.0	541.0	378.0	248.0	424.0	145.0	140.0	207.0	406.0	488.0	401.0	184.0	410.0	403.0	299.0	428.0	127.0	220.0	208.0	224.0	290.0	365.0	356.0	203.0	180.0	544.0	274.0	273.0	304.0	205.0	346.0	339.0	320.0	126.0	567.0	256.0	23.0	420.0	265.0	151.0	281.0	645.0	370.0	247.0	421.0	149.0	86.0	494.0	54.0	303.0	62.0	316.0	134.0	317.0	96.0	211.0	173.0	246.0	297.0	175.0	363.0	384.0	520.0	498.0	465.0	222.0	119.0	248.0	342.0	123.0	537.0	348.0	62.0	178.0	655.0	253.0	335.0	324.0	334.0	217.0	291.0	235.0	269.0	317.0	189.0	191.0	254.0	40.0	222.0	166.0	118.0	365.0	309.0	65.0	291.0	381.0	487.0	256.0	43.0	293.0	186.0	494.0	241.0	465.0	378.0	298.0	141.0	127.0	248.0	259.0	214.0	183.0	608.0	142.0	156.0	205.0	180.0	97.0	349.0	13.0	90.0	162.0	386.0	77.0	186.0	188.0	65.0	392.0	140.0	151.0	72.0	418.0	444.0	220.0	211.0	218.0	253.0	249.0	430.0	166.0	162.0	311.0	200.0	263.0	133.0	165.0	198.0	165.0	117.0	292.0	242.0	681.0	213.0	86.0	370.0	271.0	540.0	272.0	172.0	218.0	345.0	204.0	227.0	328.0	123.0	193.0	228.0	288.0	168.0	90.0	640.0	389.0	595.0	79.0	140.0	225.0	320.0	188.0	228.0	284.0	150.0	149.0	132.0	40.0	230.0	54.0	311.0	255.0	115.0	374.0	184.0	535.0	265.0	651.0	475.0	422.0	238.0	416.0	172.0
Predator(H1)	167.0	329.0	86.0	884.0	266.0	613.0	97.0	142.0	95.0	173.0	300.0	594.0	346.0	388.0	352.0	221.0	66.0	291.0	313.0	429.0	22.0	386.0	123.0	41.0	481.0	606.0	511.0	244.0	62.0	344.0	310.0	126.0	55.0	119.0	123.0	33.0	196.0	281.0	200.0	137.0	207.0	70.0	57.0	54.0	133.0	59.0	156.0	177.0	46.0	332.0	112.0	172.0	308.0	392.0	88.0	209.0	374.0	68.0	535.0	411.0	266.0	460.0	136.0	161.0	235.0	453.0	569.0	404.0	228.0	443.0	529.0	277.0	483.0	136.0	267.0	209.0	244.0	279.0	387.0	461.0	220.0	179.0	608.0	253.0	292.0	370.0	216.0	365.0	338.0	315.0	160.0	597.0	238.0	41.0	532.0	295.0	145.0	278.0	584.0	411.0	254.0	379.0	189.0	76.0	529.0	35.0	289.0	63.0	343.0	81.0	340.0	85.0	231.0	126.0	284.0	295.0	116.0	444.0	387.0	522.0	551.0	564.0	275.0	95.0	250.0	324.0	166.0	594.0	356.0	50.0	240.0	661.0	253.0	283.0	346.0	348.0	215.0	277.0	206.0	251.0	355.0	220.0	195.0	165.0	45.0	221.0	248.0	146.0	450.0	382.0	71.0	296.0	366.0	506.0	258.0	61.0	391.0	218.0	504.0	223.0	499.0	403.0	340.0	157.0	180.0	256.0	270.0	240.0	246.0	649.0	146.0	166.0	211.0	218.0	93.0	393.0	26.0	92.0	196.0	434.0	101.0	234.0	210.0	73.0	361.0	193.0	134.0	75.0	486.0	463.0	205.0	281.0	189.0	248.0	303.0	496.0	165.0	176.0	261.0	289.0	299.0	161.0	119.0	240.0	173.0	128.0	358.0	256.0	654.0	197.0	127.0	405.0	218.0	689.0	211.0	210.0	328.0	373.0	167.0	275.0	366.0	125.0	248.0	243.0	300.0	198.0	69.0	710.0	479.0	611.0	74.0	140.0	278.0	356.0	224.0	222.0	365.0	110.0	164.0	144.0	41.0	233.0	57.0	237.0	258.0	85.0	380.0	237.0	546.0	210.0	674.0	486.0	415.0	208.0	413.0	185.0
Barnyard(H2)	242.0	371.0	99.0	700.0	211.0	572.0	97.0	202.0	114.0	152.0	238.0	502.0	270.0	296.0	272.0	195.0	86.0	422.0	364.0	349.0	16.0	377.0	106.0	38.0	445.0	484.0	497.0	231.0	42.0	415.0	294.0	131.0	49.0	117.0	179.0	38.0	245.0	321.0	267.0	47.0	239.0	88.0	61.0	30.0	140.0	68.0	102.0	177.0	46.0	307.0	103.0	199.0	205.0	402.0	105.0	280.0	425.0	56.0	363.0	467.0	324.0	359.0	190.0	173.0	350.0	500.0	528.0	488.0	221.0	421.0	528.0	362.0	507.0	166.0	223.0	233.0	271.0	377.0	444.0	327.0	231.0	200.0	498.0	322.0	325.0	301.0	269.0	392.0	385.0	350.0	107.0	549.0	285.0	33.0	418.0	167.0	216.0	344.0	509.0	343.0	365.0	400.0	251.0	107.0	471.0	60.0	292.0	52.0	357.0	211.0	339.0	126.0	293.0	274.0	326.0	355.0	161.0	473.0	396.0	470.0	523.0	364.0	338.0	193.0	290.0	382.0	180.0	467.0	328.0	51.0	276.0	524.0	293.0	391.0	368.0	372.0	237.0	222.0	288.0	306.0	355.0	124.0	146.0	227.0	39.0	213.0	198.0	160.0	380.0	275.0	51.0	191.0	411.0	529.0	283.0	46.0	249.0	149.0	591.0	274.0	513.0	548.0	263.0	187.0	105.0	302.0	302.0	243.0	251.0	639.0	170.0	153.0	239.0	197.0	93.0	319.0	19.0	82.0	108.0	365.0	74.0	221.0	245.0	48.0	374.0	184.0	184.0	59.0	456.0	397.0	284.0	353.0	201.0	289.0	311.0	480.0	222.0	169.0	330.0	181.0	267.0	139.0	219.0	244.0	158.0	159.0	463.0	293.0	542.0	295.0	96.0	351.0	270.0	594.0	272.0	217.0	265.0	456.0	191.0	306.0	385.0	190.0	257.0	282.0	300.0	237.0	149.0	493.0	520.0	500.0	94.0	185.0	350.0	446.0	296.0	277.0	354.0	129.0	194.0	179.0	46.0	286.0	51.0	362.0	304.0	157.0	364.0	181.0	602.0	262.0	500.0	317.0	385.0	283.0	467.0	198.0
Brujita(I)	124.0	601.0	23.0	270.0	37.0	784.0	30.0	99.0	42.0	95.0	64.0	343.0	96.0	83.0	156.0	93.0	31.0	343.0	206.0	55.0	2.0	182.0	32.0	5.0	261.0	119.0	147.0	155.0	12.0	446.0	297.0	73.0	6.0	42.0	77.0	9.0	36.0	187.0	173.0	23.0	213.0	14.0	19.0	8.0	109.0	34.0	27.0	39.0	9.0	97.0	76.0	104.0	105.0	200.0	61.0	130.0	182.0	9.0	161.0	138.0	197.0	139.0	77.0	114.0	292.0	243.0	372.0	350.0	76.0	287.0	371.0	489.0	367.0	112.0	77.0	151.0	155.0	277.0	210.0	83.0	126.0	163.0	252.0	179.0	124.0	118.0	156.0	236.0	381.0	200.0	36.0	508.0	163.0	8.0	111.0	99.0	364.0	260.0	451.0	490.0	345.0	745.0	111.0	29.0	361.0	20.0	190.0	16.0	122.0	248.0	329.0	75.0	189.0	263.0	221.0	174.0	55.0	282.0	116.0	459.0	492.0	435.0	156.0	194.0	168.0	496.0	90.0	433.0	254.0	7.0	102.0	828.0	174.0	407.0	140.0	171.0	127.0	303.0	227.0	115.0	98.0	40.0	75.0	110.0	16.0	122.0	43.0	34.0	76.0	153.0	11.0	135.0	255.0	437.0	121.0	13.0	75.0	30.0	291.0	211.0	379.0	299.0	89.0	88.0	23.0	103.0	170.0	167.0	69.0	896.0	136.0	115.0	121.0	24.0	32.0	509.0	5.0	33.0	50.0	63.0	24.0	59.0	89.0	11.0	360.0	41.0	74.0	15.0	361.0	518.0	149.0	104.0	92.0	223.0	124.0	235.0	244.0	80.0	382.0	59.0	124.0	19.0	230.0	93.0	134.0	58.0	324.0	166.0	724.0	186.0	32.0	247.0	323.0	624.0	262.0	57.0	69.0	292.0	146.0	60.0	274.0	100.0	147.0	94.0	133.0	194.0	114.0	722.0	211.0	510.0	53.0	189.0	262.0	274.0	168.0	111.0	229.0	67.0	72.0	111.0	12.0	189.0	15.0	275.0	150.0	77.0	323.0	52.0	399.0	59.0	777.0	197.0	777.0	102.0	278.0	79.0
Che9c(I)	137.0	588.0	41.0	305.0	54.0	766.0	67.0	139.0	73.0	103.0	35.0	409.0	113.0	73.0	182.0	130.0	63.0	365.0	279.0	114.0	12.0	251.0	37.0	12.0	261.0	121.0	234.0	202.0	14.0	560.0	295.0	105.0	14.0	55.0	147.0	19.0	84.0	258.0	307.0	31.0	303.0	31.0	30.0	17.0	181.0	48.0	70.0	87.0	14.0	168.0	72.0	142.0	150.0	207.0	76.0	178.0	228.0	21.0	256.0	195.0	211.0	160.0	123.0	158.0	342.0	385.0	383.0	421.0	93.0	343.0	393.0	621.0	420.0	164.0	115.0	185.0	172.0	315.0	220.0	118.0	178.0	203.0	291.0	263.0	169.0	178.0	196.0	237.0	407.0	298.0	51.0	587.0	241.0	20.0	134.0	149.0	439.0	389.0	514.0	609.0	404.0	714.0	152.0	63.0	406.0	34.0	240.0	44.0	147.0	242.0	369.0	70.0	285.0	340.0	286.0	248.0	117.0	427.0	203.0	432.0	524.0	450.0	254.0	210.0	226.0	563.0	122.0	432.0	263.0	17.0	126.0	910.0	195.0	521.0	177.0	213.0	149.0	357.0	233.0	148.0	165.0	35.0	71.0	193.0	25.0	216.0	72.0	74.0	131.0	189.0	16.0	142.0	361.0	486.0	159.0	18.0	78.0	45.0	338.0	280.0	385.0	360.0	102.0	168.0	25.0	126.0	245.0	229.0	81.0	877.0	178.0	203.0	177.0	35.0	45.0	442.0	9.0	44.0	83.0	110.0	31.0	87.0	140.0	19.0	448.0	90.0	94.0	23.0	384.0	530.0	222.0	164.0	190.0	223.0	151.0	273.0	299.0	126.0	438.0	70.0	136.0	36.0	216.0	117.0	180.0	93.0	455.0	189.0	764.0	231.0	60.0	309.0	327.0	684.0	311.0	86.0	110.0	423.0	190.0	115.0	336.0	191.0	179.0	145.0	209.0	210.0	153.0	732.0	226.0	477.0	61.0	251.0	324.0	313.0	186.0	173.0	315.0	107.0	86.0	130.0	18.0	185.0	28.0	382.0	210.0	136.0	359.0	82.0	410.0	160.0	791.0	265.0	739.0	169.0	365.0	155.0
Corndog(Single)	204.0	544.0	27.0	330.0	46.0	747.0	66.0	150.0	88.0	195.0	30.0	390.0	81.0	53.0	218.0	116.0	117.0	450.0	312.0	99.0	16.0	302.0	29.0	6.0	349.0	104.0	315.0	208.0	12.0	666.0	398.0	88.0	18.0	46.0	235.0	28.0	164.0	204.0	399.0	31.0	488.0	23.0	20.0	11.0	262.0	90.0	148.0	118.0	17.0	183.0	63.0	186.0	260.0	262.0	64.0	164.0	243.0	18.0	294.0	187.0	245.0	159.0	151.0	180.0	416.0	462.0	331.0	428.0	115.0	367.0	562.0	755.0	533.0	263.0	194.0	224.0	223.0	314.0	196.0	119.0	174.0	292.0	424.0	282.0	205.0	204.0	210.0	315.0	447.0	461.0	44.0	577.0	288.0	39.0	171.0	183.0	469.0	491.0	613.0	855.0	433.0	792.0	227.0	170.0	439.0	42.0	232.0	58.0	215.0	360.0	675.0	96.0	360.0	485.0	406.0	320.0	300.0	520.0	295.0	517.0	583.0	736.0	311.0	325.0	281.0	535.0	203.0	396.0	374.0	40.0	201.0	1169.0	276.0	702.0	165.0	250.0	202.0	546.0	219.0	164.0	184.0	53.0	110.0	273.0	20.0	358.0	72.0	129.0	130.0	227.0	13.0	164.0	415.0	510.0	239.0	13.0	140.0	82.0	313.0	312.0	555.0	383.0	65.0	205.0	63.0	182.0	300.0	259.0	65.0	966.0	226.0	264.0	223.0	31.0	50.0	565.0	16.0	54.0	69.0	106.0	20.0	70.0	279.0	28.0	556.0	181.0	124.0	23.0	423.0	782.0	315.0	242.0	272.0	236.0	218.0	259.0	356.0	150.0	571.0	111.0	161.0	71.0	327.0	120.0	168.0	112.0	688.0	288.0	926.0	340.0	93.0	376.0	362.0	610.0	394.0	137.0	158.0	551.0	310.0	189.0	505.0	258.0	217.0	220.0	244.0	265.0	220.0	822.0	261.0	487.0	86.0	289.0	370.0	365.0	182.0	189.0	407.0	153.0	122.0	120.0	14.0	170.0	43.0	533.0	253.0	239.0	381.0	90.0	522.0	334.0	870.0	316.0	786.0	188.0	404.0	265.0
Giles(Single)	150.0	154.0	45.0	556.0	63.0	854.0	71.0	96.0	43.0	58.0	62.0	299.0	143.0	76.0	239.0	104.0	52.0	355.0	361.0	92.0	13.0	257.0	43.0	10.0	354.0	119.0	358.0	87.0	14.0	126.0	85.0	62.0	17.0	52.0	153.0	24.0	27.0	241.0	307.0	24.0	81.0	30.0	36.0	11.0	214.0	46.0	25.0	59.0	10.0	75.0	56.0	50.0	51.0	324.0	48.0	78.0	177.0	27.0	430.0	124.0	293.0	106.0	55.0	139.0	315.0	418.0	364.0	556.0	110.0	429.0	566.0	763.0	324.0	238.0	58.0	126.0	93.0	283.0	148.0	130.0	68.0	105.0	298.0	200.0	121.0	119.0	91.0	305.0	349.0	277.0	48.0	715.0	55.0	24.0	160.0	65.0	387.0	288.0	945.0	930.0	143.0	888.0	100.0	47.0	374.0	32.0	296.0	31.0	96.0	205.0	110.0	70.0	64.0	187.0	178.0	223.0	83.0	363.0	165.0	398.0	429.0	411.0	208.0	199.0	218.0	621.0	205.0	347.0	266.0	29.0	137.0	1114.0	286.0	556.0	155.0	157.0	187.0	605.0	151.0	127.0	71.0	43.0	44.0	186.0	15.0	280.0	108.0	25.0	108.0	284.0	20.0	76.0	459.0	631.0	143.0	18.0	36.0	60.0	53.0	233.0	216.0	466.0	152.0	50.0	30.0	136.0	199.0	149.0	104.0	1198.0	155.0	250.0	132.0	57.0	42.0	192.0	10.0	43.0	68.0	125.0	29.0	58.0	50.0	32.0	506.0	22.0	129.0	28.0	357.0	640.0	161.0	443.0	211.0	331.0	211.0	381.0	335.0	51.0	475.0	44.0	199.0	27.0	131.0	76.0	67.0	101.0	534.0	77.0	1085.0	83.0	88.0	132.0	220.0	626.0	60.0	114.0	167.0	113.0	33.0	264.0	285.0	142.0	128.0	141.0	164.0	65.0	106.0	663.0	231.0	444.0	44.0	185.0	271.0	376.0	132.0	161.0	285.0	123.0	88.0	94.0	14.0	170.0	30.0	352.0	179.0	73.0	138.0	60.0	418.0	95.0	994.0	370.0	955.0	147.0	420.0	119.0
Omega(Single)	287.0	819.0	129.0	589.0	214.0	937.0	183.0	261.0	179.0	282.0	193.0	673.0	242.0	254.0	398.0	259.0	224.0	448.0	499.0	370.0	73.0	520.0	141.0	80.0	485.0	356.0	649.0	428.0	106.0	636.0	529.0	238.0	103.0	196.0	406.0	151.0	363.0	453.0	621.0	114.0	578.0	106.0	115.0	97.0	434.0	127.0	302.0	231.0	80.0	321.0	147.0	332.0	418.0	409.0	198.0	328.0	429.0	124.0	658.0	431.0	360.0	445.0	249.0	269.0	413.0	684.0	588.0	523.0	252.0	636.0	644.0	997.0	631.0	276.0	353.0	419.0	407.0	512.0	451.0	318.0	343.0	371.0	573.0	451.0	389.0	428.0	397.0	395.0	646.0	620.0	253.0	779.0	315.0	94.0	462.0	332.0	827.0	685.0	966.0	1116.0	552.0	1114.0	283.0	392.0	691.0	143.0	487.0	185.0	313.0	661.0	569.0	198.0	507.0	573.0	481.0	569.0	526.0	709.0	536.0	729.0	798.0	804.0	419.0	552.0	368.0	982.0	225.0	672.0	444.0	150.0	195.0	1320.0	272.0	804.0	327.0	440.0	289.0	900.0	406.0	295.0	419.0	178.0	262.0	585.0	86.0	508.0	285.0	283.0	320.0	511.0	100.0	360.0	514.0	686.0	319.0	92.0	300.0	254.0	548.0	444.0	537.0	580.0	257.0	344.0	172.0	390.0	411.0	424.0	310.0	1150.0	244.0	660.0	391.0	171.0	164.0	734.0	45.0	165.0	257.0	339.0	144.0	320.0	336.0	102.0	663.0	356.0	259.0	113.0	515.0	777.0	403.0	424.0	489.0	418.0	285.0	434.0	558.0	271.0	903.0	239.0	477.0	229.0	491.0	285.0	352.0	258.0	725.0	345.0	1309.0	481.0	279.0	585.0	656.0	861.0	574.0	374.0	339.0	747.0	348.0	327.0	561.0	477.0	381.0	407.0	475.0	315.0	404.0	1023.0	464.0	771.0	161.0	620.0	493.0	518.0	307.0	221.0	570.0	256.0	182.0	311.0	95.0	376.0	122.0	681.0	415.0	377.0	596.0	292.0	590.0	608.0	960.0	622.0	1243.0	478.0	486.0	452.0
TM4(Single)	168.0	767.0	33.0	183.0	49.0	954.0	54.0	128.0	62.0	85.0	50.0	311.0	89.0	62.0	130.0	81.0	21.0	424.0	245.0	52.0	22.0	151.0	58.0	16.0	127.0	102.0	140.0	102.0	32.0	620.0	339.0	87.0	21.0	27.0	47.0	32.0	84.0	158.0	131.0	25.0	171.0	36.0	60.0	15.0	146.0	43.0	24.0	41.0	18.0	89.0	60.0	74.0	57.0	176.0	36.0	115.0	241.0	25.0	117.0	216.0	238.0	101.0	76.0	152.0	390.0	331.0	390.0	412.0	94.0	331.0	376.0	655.0	445.0	168.0	55.0	197.0	154.0	354.0	214.0	105.0	111.0	191.0	237.0	182.0	133.0	99.0	137.0	263.0	415.0	133.0	48.0	655.0	244.0	16.0	62.0	61.0	505.0	223.0	494.0	731.0	440.0	797.0	105.0	35.0	292.0	30.0	141.0	46.0	91.0	226.0	360.0	59.0	288.0	368.0	249.0	191.0	15.0	423.0	116.0	437.0	546.0	433.0	168.0	274.0	187.0	628.0	99.0	352.0	255.0	8.0	101.0	1111.0	178.0	402.0	165.0	163.0	137.0	385.0	108.0	81.0	83.0	69.0	43.0	137.0	59.0	131.0	60.0	38.0	82.0	103.0	37.0	95.0	350.0	453.0	129.0	31.0	125.0	48.0	414.0	159.0	435.0	322.0	83.0	134.0	43.0	93.0	258.0	194.0	74.0	1001.0	172.0	146.0	108.0	24.0	56.0	507.0	5.0	50.0	79.0	80.0	21.0	68.0	98.0	21.0	415.0	70.0	90.0	38.0	270.0	635.0	169.0	88.0	56.0	154.0	118.0	250.0	254.0	52.0	576.0	90.0	66.0	45.0	210.0	76.0	141.0	81.0	389.0	252.0	1076.0	217.0	37.0	367.0	376.0	659.0	462.0	80.0	74.0	336.0	248.0	75.0	266.0	90.0	145.0	103.0	156.0	241.0	126.0	933.0	356.0	620.0	27.0	231.0	245.0	309.0	212.0	128.0	351.0	63.0	72.0	105.0	22.0	157.0	31.0	146.0	210.0	78.0	353.0	98.0	500.0	47.0	840.0	113.0	886.0	85.0	407.0	35.0
Wildcat(Single)	318.0	353.0	150.0	406.0	95.0	414.0	203.0	272.0	159.0	203.0	79.0	435.0	118.0	122.0	377.0	257.0	203.0	338.0	387.0	293.0	41.0	378.0	124.0	42.0	377.0	178.0	577.0	269.0	74.0	574.0	288.0	165.0	69.0	125.0	335.0	67.0	370.0	277.0	378.0	96.0	425.0	115.0	106.0	40.0	332.0	173.0	266.0	270.0	64.0	298.0	124.0	211.0	284.0	366.0	109.0	338.0	391.0	79.0	320.0	296.0	294.0	334.0	273.0	426.0	408.0	685.0	396.0	283.0	230.0	310.0	395.0	374.0	458.0	389.0	268.0	322.0	313.0	348.0	295.0	353.0	306.0	349.0	538.0	359.0	373.0	405.0	269.0	285.0	435.0	576.0	148.0	433.0	437.0	101.0	366.0	244.0	311.0	387.0	330.0	403.0	343.0	448.0	273.0	303.0	338.0	102.0	320.0	105.0	287.0	280.0	407.0	149.0	425.0	431.0	452.0	530.0	280.0	690.0	428.0	414.0	428.0	383.0	525.0	318.0	430.0	413.0	294.0	411.0	420.0	82.0	175.0	399.0	253.0	476.0	251.0	329.0	234.0	312.0	257.0	236.0	291.0	165.0	184.0	282.0	64.0	462.0	305.0	207.0	306.0	390.0	63.0	261.0	459.0	389.0	402.0	55.0	269.0	268.0	437.0	361.0	439.0	361.0	117.0	434.0	130.0	362.0	431.0	281.0	236.0	405.0	301.0	350.0	279.0	137.0	175.0	307.0	35.0	147.0	194.0	199.0	74.0	278.0	380.0	116.0	409.0	423.0	251.0	83.0	513.0	462.0	342.0	481.0	285.0	285.0	204.0	278.0	351.0	238.0	347.0	217.0	355.0	210.0	332.0	195.0	287.0	291.0	680.0	285.0	527.0	277.0	284.0	301.0	387.0	402.0	310.0	413.0	309.0	560.0	255.0	471.0	383.0	353.0	341.0	349.0	457.0	295.0	267.0	447.0	328.0	382.0	169.0	289.0	428.0	338.0	248.0	241.0	430.0	251.0	184.0	237.0	80.0	234.0	100.0	427.0	369.0	246.0	422.0	233.0	395.0	496.0	433.0	360.0	342.0	371.0	534.0	313.0
